{"created_at":"Tue Nov 29 06:18:06 +0000 2016","id":803483152207540225,"id_str":"803483152207540225","text":"When bae looking good asf https:\/\/t.co\/MtPI5yAlKS","display_text_range":[0,25],"source":"\u003ca href=\"http:\/\/twitter.com\/download\/iphone\" rel=\"nofollow\"\u003eTwitter for iPhone\u003c\/a\u003e","truncated":false,"in_reply_to_status_id":null,"in_reply_to_status_id_str":null,"in_reply_to_user_id":null,"in_reply_to_user_id_str":null,"in_reply_to_screen_name":null,"user":{"id":348281521,"id_str":"348281521","name":"Joel \ud83c\udf55","screen_name":"Joel_Murga","location":"Salem, MA","url":null,"description":"Long Live Nick. Snapchat ; Jmurga12","protected":false,"verified":false,"followers_count":1469,"friends_count":1142,"listed_count":3,"favourites_count":12248,"statuses_count":38065,"created_at":"Thu Aug 04 05:05:11 +0000 2011","utc_offset":-18000,"time_zone":"Quito","geo_enabled":true,"lang":"en","contributors_enabled":false,"is_translator":false,"profile_background_color":"111214","profile_background_image_url":"http:\/\/pbs.twimg.com\/profile_background_images\/720724143\/7447574b46fbd2a8919057d0c0ba810a.jpeg","profile_background_image_url_https":"https:\/\/pbs.twimg.com\/profile_background_images\/720724143\/7447574b46fbd2a8919057d0c0ba810a.jpeg","profile_background_tile":true,"profile_link_color":"009999","profile_sidebar_border_color":"FFFFFF","profile_sidebar_fill_color":"EFEFEF","profile_text_color":"333333","profile_use_background_image":true,"profile_image_url":"http:\/\/pbs.twimg.com\/profile_images\/802087154621026309\/hIw2P3Az_normal.jpg","profile_image_url_https":"https:\/\/pbs.twimg.com\/profile_images\/802087154621026309\/hIw2P3Az_normal.jpg","profile_banner_url":"https:\/\/pbs.twimg.com\/profile_banners\/348281521\/1479863238","default_profile":false,"default_profile_image":false,"following":null,"follow_request_sent":null,"notifications":null},"geo":null,"coordinates":null,"place":{"id":"90eed94925e42147","url":"https:\/\/api.twitter.com\/1.1\/geo\/id\/90eed94925e42147.json","place_type":"city","name":"Salem","full_name":"Salem, MA","country_code":"US","country":"United States","bounding_box":{"type":"Polygon","coordinates":[[[-70.950694,42.483930],[-70.950694,42.546174],[-70.864351,42.546174],[-70.864351,42.483930]]]},"attributes":{}},"contributors":null,"is_quote_status":false,"retweet_count":0,"favorite_count":0,"entities":{"hashtags":[],"urls":[],"user_mentions":[],"symbols":[],"media":[{"id":803483085325082624,"id_str":"803483085325082624","indices":[26,49],"media_url":"http:\/\/pbs.twimg.com\/ext_tw_video_thumb\/803483085325082624\/pu\/img\/x6ee544pWhtw_vjf.jpg","media_url_https":"https:\/\/pbs.twimg.com\/ext_tw_video_thumb\/803483085325082624\/pu\/img\/x6ee544pWhtw_vjf.jpg","url":"https:\/\/t.co\/MtPI5yAlKS","display_url":"pic.twitter.com\/MtPI5yAlKS","expanded_url":"https:\/\/twitter.com\/Joel_Murga\/status\/803483152207540225\/video\/1","type":"photo","sizes":{"large":{"w":480,"h":480,"resize":"fit"},"small":{"w":340,"h":340,"resize":"fit"},"thumb":{"w":150,"h":150,"resize":"crop"},"medium":{"w":480,"h":480,"resize":"fit"}}}]},"extended_entities":{"media":[{"id":803483085325082624,"id_str":"803483085325082624","indices":[26,49],"media_url":"http:\/\/pbs.twimg.com\/ext_tw_video_thumb\/803483085325082624\/pu\/img\/x6ee544pWhtw_vjf.jpg","media_url_https":"https:\/\/pbs.twimg.com\/ext_tw_video_thumb\/803483085325082624\/pu\/img\/x6ee544pWhtw_vjf.jpg","url":"https:\/\/t.co\/MtPI5yAlKS","display_url":"pic.twitter.com\/MtPI5yAlKS","expanded_url":"https:\/\/twitter.com\/Joel_Murga\/status\/803483152207540225\/video\/1","type":"video","sizes":{"large":{"w":480,"h":480,"resize":"fit"},"small":{"w":340,"h":340,"resize":"fit"},"thumb":{"w":150,"h":150,"resize":"crop"},"medium":{"w":480,"h":480,"resize":"fit"}},"video_info":{"aspect_ratio":[1,1],"duration_millis":3055,"variants":[{"bitrate":832000,"content_type":"video\/mp4","url":"https:\/\/video.twimg.com\/ext_tw_video\/803483085325082624\/pu\/vid\/480x480\/-9_iTVFuULM8DSqt.mp4"},{"content_type":"application\/dash+xml","url":"https:\/\/video.twimg.com\/ext_tw_video\/803483085325082624\/pu\/pl\/nlJivucWHNpeJkCK.mpd"},{"content_type":"application\/x-mpegURL","url":"https:\/\/video.twimg.com\/ext_tw_video\/803483085325082624\/pu\/pl\/nlJivucWHNpeJkCK.m3u8"},{"bitrate":320000,"content_type":"video\/mp4","url":"https:\/\/video.twimg.com\/ext_tw_video\/803483085325082624\/pu\/vid\/240x240\/v4Ai8-ydwjY_WU7S.mp4"}]}}]},"favorited":false,"retweeted":false,"possibly_sensitive":false,"filter_level":"low","lang":"en","timestamp_ms":"1480400286138"}
{"created_at":"Tue Nov 29 06:18:22 +0000 2016","id":803483219337347073,"id_str":"803483219337347073","text":"@Crymsen_Skye how are you? https:\/\/t.co\/XENUcjBVFr","display_text_range":[0,26],"source":"\u003ca href=\"http:\/\/twitter.com\/download\/android\" rel=\"nofollow\"\u003eTwitter for Android\u003c\/a\u003e","truncated":false,"in_reply_to_status_id":null,"in_reply_to_status_id_str":null,"in_reply_to_user_id":3125373419,"in_reply_to_user_id_str":"3125373419","in_reply_to_screen_name":"Crymsen_Skye","user":{"id":769499814795116544,"id_str":"769499814795116544","name":"Kenneth Ivan Palmer","screen_name":"KennethIvanPal3","location":"Maine, USA","url":null,"description":"Muscian. I love beauty in all forms. Art, photos, music, women...","protected":false,"verified":false,"followers_count":1571,"friends_count":1598,"listed_count":29,"favourites_count":7349,"statuses_count":19243,"created_at":"Sat Aug 27 11:40:27 +0000 2016","utc_offset":null,"time_zone":null,"geo_enabled":true,"lang":"en","contributors_enabled":false,"is_translator":false,"profile_background_color":"F5F8FA","profile_background_image_url":"","profile_background_image_url_https":"","profile_background_tile":false,"profile_link_color":"1DA1F2","profile_sidebar_border_color":"C0DEED","profile_sidebar_fill_color":"DDEEF6","profile_text_color":"333333","profile_use_background_image":true,"profile_image_url":"http:\/\/pbs.twimg.com\/profile_images\/789082100121165824\/1H1Vm3_W_normal.jpg","profile_image_url_https":"https:\/\/pbs.twimg.com\/profile_images\/789082100121165824\/1H1Vm3_W_normal.jpg","profile_banner_url":"https:\/\/pbs.twimg.com\/profile_banners\/769499814795116544\/1478050249","default_profile":true,"default_profile_image":false,"following":null,"follow_request_sent":null,"notifications":null},"geo":null,"coordinates":null,"place":{"id":"463f5d9615d7d1be","url":"https:\/\/api.twitter.com\/1.1\/geo\/id\/463f5d9615d7d1be.json","place_type":"admin","name":"Maine","full_name":"Maine, USA","country_code":"US","country":"United States","bounding_box":{"type":"Polygon","coordinates":[[[-71.084335,42.917127],[-71.084335,47.459687],[-66.885075,47.459687],[-66.885075,42.917127]]]},"attributes":{}},"contributors":null,"is_quote_status":false,"retweet_count":0,"favorite_count":0,"entities":{"hashtags":[],"urls":[],"user_mentions":[{"screen_name":"Crymsen_Skye","name":"\ud83c\udf08Christina Rene\u00e9\ud83c\udf08","id":3125373419,"id_str":"3125373419","indices":[0,13]}],"symbols":[],"media":[{"id":803483215553908736,"id_str":"803483215553908736","indices":[27,50],"media_url":"http:\/\/pbs.twimg.com\/media\/CyaLuj4UUAA8R0M.jpg","media_url_https":"https:\/\/pbs.twimg.com\/media\/CyaLuj4UUAA8R0M.jpg","url":"https:\/\/t.co\/XENUcjBVFr","display_url":"pic.twitter.com\/XENUcjBVFr","expanded_url":"https:\/\/twitter.com\/KennethIvanPal3\/status\/803483219337347073\/photo\/1","type":"photo","sizes":{"large":{"w":600,"h":450,"resize":"fit"},"medium":{"w":600,"h":450,"resize":"fit"},"thumb":{"w":150,"h":150,"resize":"crop"},"small":{"w":600,"h":450,"resize":"fit"}}}]},"extended_entities":{"media":[{"id":803483215553908736,"id_str":"803483215553908736","indices":[27,50],"media_url":"http:\/\/pbs.twimg.com\/media\/CyaLuj4UUAA8R0M.jpg","media_url_https":"https:\/\/pbs.twimg.com\/media\/CyaLuj4UUAA8R0M.jpg","url":"https:\/\/t.co\/XENUcjBVFr","display_url":"pic.twitter.com\/XENUcjBVFr","expanded_url":"https:\/\/twitter.com\/KennethIvanPal3\/status\/803483219337347073\/photo\/1","type":"photo","sizes":{"large":{"w":600,"h":450,"resize":"fit"},"medium":{"w":600,"h":450,"resize":"fit"},"thumb":{"w":150,"h":150,"resize":"crop"},"small":{"w":600,"h":450,"resize":"fit"}}}]},"favorited":false,"retweeted":false,"possibly_sensitive":false,"filter_level":"low","lang":"en","timestamp_ms":"1480400302143"}
{"created_at":"Tue Nov 29 06:18:30 +0000 2016","id":803483254187786244,"id_str":"803483254187786244","text":"im CRYING https:\/\/t.co\/NXZotv55uG","display_text_range":[0,9],"source":"\u003ca href=\"http:\/\/twitter.com\/download\/iphone\" rel=\"nofollow\"\u003eTwitter for iPhone\u003c\/a\u003e","truncated":false,"in_reply_to_status_id":null,"in_reply_to_status_id_str":null,"in_reply_to_user_id":null,"in_reply_to_user_id_str":null,"in_reply_to_screen_name":null,"user":{"id":419794698,"id_str":"419794698","name":"\u0635\u0628\u0631\u064a\u0646\u0629","screen_name":"slaybrina","location":"BOS","url":"https:\/\/nineteensixtydeux.wordpress.com","description":"viva l'alg\u00e9rie","protected":false,"verified":false,"followers_count":1207,"friends_count":305,"listed_count":13,"favourites_count":51904,"statuses_count":20603,"created_at":"Wed Nov 23 20:05:54 +0000 2011","utc_offset":-18000,"time_zone":"Eastern Time (US & Canada)","geo_enabled":true,"lang":"en","contributors_enabled":false,"is_translator":false,"profile_background_color":"1A1B1F","profile_background_image_url":"http:\/\/pbs.twimg.com\/profile_background_images\/500960001947475968\/f69FbaEW.png","profile_background_image_url_https":"https:\/\/pbs.twimg.com\/profile_background_images\/500960001947475968\/f69FbaEW.png","profile_background_tile":true,"profile_link_color":"2FC2EF","profile_sidebar_border_color":"FFFFFF","profile_sidebar_fill_color":"252429","profile_text_color":"666666","profile_use_background_image":true,"profile_image_url":"http:\/\/pbs.twimg.com\/profile_images\/791593397303771136\/58_F3ouO_normal.jpg","profile_image_url_https":"https:\/\/pbs.twimg.com\/profile_images\/791593397303771136\/58_F3ouO_normal.jpg","profile_banner_url":"https:\/\/pbs.twimg.com\/profile_banners\/419794698\/1440893910","default_profile":false,"default_profile_image":false,"following":null,"follow_request_sent":null,"notifications":null},"geo":null,"coordinates":null,"place":{"id":"407b2c699286aab5","url":"https:\/\/api.twitter.com\/1.1\/geo\/id\/407b2c699286aab5.json","place_type":"city","name":"Revere","full_name":"Revere, MA","country_code":"US","country":"United States","bounding_box":{"type":"Polygon","coordinates":[[[-71.033007,42.388503],[-71.033007,42.449900],[-70.959648,42.449900],[-70.959648,42.388503]]]},"attributes":{}},"contributors":null,"quoted_status_id":802009397736210432,"quoted_status_id_str":"802009397736210432","quoted_status":{"created_at":"Fri Nov 25 04:41:55 +0000 2016","id":802009397736210432,"id_str":"802009397736210432","text":"Dead\ud83d\ude02\u2764\ufe0f https:\/\/t.co\/hyijS7uhzE","display_text_range":[0,7],"source":"\u003ca href=\"http:\/\/twitter.com\/download\/iphone\" rel=\"nofollow\"\u003eTwitter for iPhone\u003c\/a\u003e","truncated":false,"in_reply_to_status_id":null,"in_reply_to_status_id_str":null,"in_reply_to_user_id":null,"in_reply_to_user_id_str":null,"in_reply_to_screen_name":null,"user":{"id":749568998879141888,"id_str":"749568998879141888","name":"\ud83d\udcaf","screen_name":"fafaabuali","location":"Philadelphia, PA","url":null,"description":"Palestinian | 17","protected":false,"verified":false,"followers_count":341,"friends_count":220,"listed_count":0,"favourites_count":3394,"statuses_count":995,"created_at":"Sun Jul 03 11:42:30 +0000 2016","utc_offset":null,"time_zone":null,"geo_enabled":false,"lang":"en","contributors_enabled":false,"is_translator":false,"profile_background_color":"F5F8FA","profile_background_image_url":"","profile_background_image_url_https":"","profile_background_tile":false,"profile_link_color":"1DA1F2","profile_sidebar_border_color":"C0DEED","profile_sidebar_fill_color":"DDEEF6","profile_text_color":"333333","profile_use_background_image":true,"profile_image_url":"http:\/\/pbs.twimg.com\/profile_images\/801658214857244672\/9A7VXt3b_normal.jpg","profile_image_url_https":"https:\/\/pbs.twimg.com\/profile_images\/801658214857244672\/9A7VXt3b_normal.jpg","profile_banner_url":"https:\/\/pbs.twimg.com\/profile_banners\/749568998879141888\/1479025063","default_profile":true,"default_profile_image":false,"following":null,"follow_request_sent":null,"notifications":null},"geo":null,"coordinates":null,"place":null,"contributors":null,"is_quote_status":false,"retweet_count":627,"favorite_count":749,"entities":{"hashtags":[],"urls":[],"user_mentions":[],"symbols":[],"media":[{"id":802008320496242688,"id_str":"802008320496242688","indices":[8,31],"media_url":"http:\/\/pbs.twimg.com\/ext_tw_video_thumb\/802008320496242688\/pu\/img\/MOPHbCZDkWf4FdEt.jpg","media_url_https":"https:\/\/pbs.twimg.com\/ext_tw_video_thumb\/802008320496242688\/pu\/img\/MOPHbCZDkWf4FdEt.jpg","url":"https:\/\/t.co\/hyijS7uhzE","display_url":"pic.twitter.com\/hyijS7uhzE","expanded_url":"https:\/\/twitter.com\/fafaabuali\/status\/802009397736210432\/video\/1","type":"photo","sizes":{"small":{"w":340,"h":340,"resize":"fit"},"thumb":{"w":150,"h":150,"resize":"crop"},"large":{"w":640,"h":640,"resize":"fit"},"medium":{"w":600,"h":600,"resize":"fit"}}}]},"extended_entities":{"media":[{"id":802008320496242688,"id_str":"802008320496242688","indices":[8,31],"media_url":"http:\/\/pbs.twimg.com\/ext_tw_video_thumb\/802008320496242688\/pu\/img\/MOPHbCZDkWf4FdEt.jpg","media_url_https":"https:\/\/pbs.twimg.com\/ext_tw_video_thumb\/802008320496242688\/pu\/img\/MOPHbCZDkWf4FdEt.jpg","url":"https:\/\/t.co\/hyijS7uhzE","display_url":"pic.twitter.com\/hyijS7uhzE","expanded_url":"https:\/\/twitter.com\/fafaabuali\/status\/802009397736210432\/video\/1","type":"video","sizes":{"small":{"w":340,"h":340,"resize":"fit"},"thumb":{"w":150,"h":150,"resize":"crop"},"large":{"w":640,"h":640,"resize":"fit"},"medium":{"w":600,"h":600,"resize":"fit"}},"video_info":{"aspect_ratio":[1,1],"duration_millis":60160,"variants":[{"bitrate":832000,"content_type":"video\/mp4","url":"https:\/\/video.twimg.com\/ext_tw_video\/802008320496242688\/pu\/vid\/480x480\/o8SRgWoYeL8ZS2Tb.mp4"},{"bitrate":320000,"content_type":"video\/mp4","url":"https:\/\/video.twimg.com\/ext_tw_video\/802008320496242688\/pu\/vid\/240x240\/atnUd2OQaL-Tgqa8.mp4"},{"content_type":"application\/dash+xml","url":"https:\/\/video.twimg.com\/ext_tw_video\/802008320496242688\/pu\/pl\/S9qTXwox0YoVwf_H.mpd"},{"content_type":"application\/x-mpegURL","url":"https:\/\/video.twimg.com\/ext_tw_video\/802008320496242688\/pu\/pl\/S9qTXwox0YoVwf_H.m3u8"}]}}]},"favorited":false,"retweeted":false,"possibly_sensitive":false,"filter_level":"low","lang":"en"},"is_quote_status":true,"retweet_count":0,"favorite_count":0,"entities":{"hashtags":[],"urls":[{"url":"https:\/\/t.co\/NXZotv55uG","expanded_url":"https:\/\/twitter.com\/fafaabuali\/status\/802009397736210432","display_url":"twitter.com\/fafaabuali\/sta\u2026","indices":[10,33]}],"user_mentions":[],"symbols":[]},"favorited":false,"retweeted":false,"possibly_sensitive":false,"filter_level":"low","lang":"en","timestamp_ms":"1480400310452"}
{"created_at":"Tue Nov 29 06:18:54 +0000 2016","id":803483355366965248,"id_str":"803483355366965248","text":"HOW I WANT MY FUTURE !! https:\/\/t.co\/Rn2gcInmhV","display_text_range":[0,23],"source":"\u003ca href=\"http:\/\/twitter.com\/download\/iphone\" rel=\"nofollow\"\u003eTwitter for iPhone\u003c\/a\u003e","truncated":false,"in_reply_to_status_id":null,"in_reply_to_status_id_str":null,"in_reply_to_user_id":null,"in_reply_to_user_id_str":null,"in_reply_to_screen_name":null,"user":{"id":34631115,"id_str":"34631115","name":"Donnie Creed","screen_name":"Adonis4lyfe","location":"Lynn, MA","url":null,"description":"Proverbs 16:9 #Pentaholic #PotterHead","protected":false,"verified":false,"followers_count":626,"friends_count":609,"listed_count":9,"favourites_count":19932,"statuses_count":37338,"created_at":"Thu Apr 23 14:50:58 +0000 2009","utc_offset":-28800,"time_zone":"Pacific Time (US & Canada)","geo_enabled":true,"lang":"en","contributors_enabled":false,"is_translator":false,"profile_background_color":"352726","profile_background_image_url":"http:\/\/pbs.twimg.com\/profile_background_images\/603038486\/5k7nwzzolut8uesbac5e.jpeg","profile_background_image_url_https":"https:\/\/pbs.twimg.com\/profile_background_images\/603038486\/5k7nwzzolut8uesbac5e.jpeg","profile_background_tile":true,"profile_link_color":"D02B55","profile_sidebar_border_color":"829D5E","profile_sidebar_fill_color":"99CC33","profile_text_color":"3E4415","profile_use_background_image":true,"profile_image_url":"http:\/\/pbs.twimg.com\/profile_images\/754817456988835840\/vIPiVM67_normal.jpg","profile_image_url_https":"https:\/\/pbs.twimg.com\/profile_images\/754817456988835840\/vIPiVM67_normal.jpg","profile_banner_url":"https:\/\/pbs.twimg.com\/profile_banners\/34631115\/1476196293","default_profile":false,"default_profile_image":false,"following":null,"follow_request_sent":null,"notifications":null},"geo":null,"coordinates":null,"place":{"id":"3e711c16431907f4","url":"https:\/\/api.twitter.com\/1.1\/geo\/id\/3e711c16431907f4.json","place_type":"city","name":"Lynn","full_name":"Lynn, MA","country_code":"US","country":"United States","bounding_box":{"type":"Polygon","coordinates":[[[-71.011530,42.444954],[-71.011530,42.512520],[-70.922180,42.512520],[-70.922180,42.444954]]]},"attributes":{}},"contributors":null,"quoted_status_id":803463799709769729,"quoted_status_id_str":"803463799709769729","quoted_status":{"created_at":"Tue Nov 29 05:01:12 +0000 2016","id":803463799709769729,"id_str":"803463799709769729","text":"Watch Swizz and Alicia's son play his first song. https:\/\/t.co\/JGcD3pWrH2 https:\/\/t.co\/3L3jMpSKO5","display_text_range":[0,73],"source":"\u003ca href=\"http:\/\/www.socialflow.com\" rel=\"nofollow\"\u003eSocialFlow\u003c\/a\u003e","truncated":false,"in_reply_to_status_id":null,"in_reply_to_status_id_str":null,"in_reply_to_user_id":null,"in_reply_to_user_id_str":null,"in_reply_to_screen_name":null,"user":{"id":13049362,"id_str":"13049362","name":"Complex","screen_name":"Complex","location":"New York","url":"http:\/\/www.complex.com","description":"Making Culture Pop.\n\nSnapchat: ComplexMag","protected":false,"verified":true,"followers_count":982684,"friends_count":36411,"listed_count":7391,"favourites_count":8916,"statuses_count":265379,"created_at":"Mon Feb 04 14:34:39 +0000 2008","utc_offset":-18000,"time_zone":"Eastern Time (US & Canada)","geo_enabled":true,"lang":"en","contributors_enabled":false,"is_translator":false,"profile_background_color":"000000","profile_background_image_url":"http:\/\/pbs.twimg.com\/profile_background_images\/443404890799210496\/chsw2pxv.jpeg","profile_background_image_url_https":"https:\/\/pbs.twimg.com\/profile_background_images\/443404890799210496\/chsw2pxv.jpeg","profile_background_tile":true,"profile_link_color":"FF0000","profile_sidebar_border_color":"FFFFFF","profile_sidebar_fill_color":"F2F2F2","profile_text_color":"787878","profile_use_background_image":false,"profile_image_url":"http:\/\/pbs.twimg.com\/profile_images\/755123466072907777\/V2yA16pf_normal.jpg","profile_image_url_https":"https:\/\/pbs.twimg.com\/profile_images\/755123466072907777\/V2yA16pf_normal.jpg","profile_banner_url":"https:\/\/pbs.twimg.com\/profile_banners\/13049362\/1478886615","default_profile":false,"default_profile_image":false,"following":null,"follow_request_sent":null,"notifications":null},"geo":null,"coordinates":null,"place":null,"contributors":null,"is_quote_status":false,"retweet_count":86,"favorite_count":230,"entities":{"hashtags":[],"urls":[{"url":"https:\/\/t.co\/JGcD3pWrH2","expanded_url":"http:\/\/trib.al\/7gB0ZZY","display_url":"trib.al\/7gB0ZZY","indices":[50,73]}],"user_mentions":[],"symbols":[],"media":[{"id":803463796937388033,"id_str":"803463796937388033","indices":[74,97],"media_url":"http:\/\/pbs.twimg.com\/media\/CyZ6EP5W8AE4FPs.jpg","media_url_https":"https:\/\/pbs.twimg.com\/media\/CyZ6EP5W8AE4FPs.jpg","url":"https:\/\/t.co\/3L3jMpSKO5","display_url":"pic.twitter.com\/3L3jMpSKO5","expanded_url":"https:\/\/twitter.com\/Complex\/status\/803463799709769729\/photo\/1","type":"photo","sizes":{"large":{"w":680,"h":383,"resize":"fit"},"thumb":{"w":150,"h":150,"resize":"crop"},"medium":{"w":680,"h":383,"resize":"fit"},"small":{"w":680,"h":383,"resize":"fit"}}}]},"extended_entities":{"media":[{"id":803463796937388033,"id_str":"803463796937388033","indices":[74,97],"media_url":"http:\/\/pbs.twimg.com\/media\/CyZ6EP5W8AE4FPs.jpg","media_url_https":"https:\/\/pbs.twimg.com\/media\/CyZ6EP5W8AE4FPs.jpg","url":"https:\/\/t.co\/3L3jMpSKO5","display_url":"pic.twitter.com\/3L3jMpSKO5","expanded_url":"https:\/\/twitter.com\/Complex\/status\/803463799709769729\/photo\/1","type":"photo","sizes":{"large":{"w":680,"h":383,"resize":"fit"},"thumb":{"w":150,"h":150,"resize":"crop"},"medium":{"w":680,"h":383,"resize":"fit"},"small":{"w":680,"h":383,"resize":"fit"}}}]},"favorited":false,"retweeted":false,"possibly_sensitive":false,"filter_level":"low","lang":"en"},"is_quote_status":true,"retweet_count":0,"favorite_count":0,"entities":{"hashtags":[],"urls":[{"url":"https:\/\/t.co\/Rn2gcInmhV","expanded_url":"https:\/\/twitter.com\/complex\/status\/803463799709769729","display_url":"twitter.com\/complex\/status\u2026","indices":[24,47]}],"user_mentions":[],"symbols":[]},"favorited":false,"retweeted":false,"possibly_sensitive":false,"filter_level":"low","lang":"en","timestamp_ms":"1480400334575"}
{"created_at":"Tue Nov 29 06:19:14 +0000 2016","id":803483440565878785,"id_str":"803483440565878785","text":"Cutting contact with toxic people will transform your life completely","source":"\u003ca href=\"http:\/\/twitter.com\/download\/iphone\" rel=\"nofollow\"\u003eTwitter for iPhone\u003c\/a\u003e","truncated":false,"in_reply_to_status_id":null,"in_reply_to_status_id_str":null,"in_reply_to_user_id":null,"in_reply_to_user_id_str":null,"in_reply_to_screen_name":null,"user":{"id":65111260,"id_str":"65111260","name":"Shyla Gonzalez \u2661","screen_name":"itsOkdontbeShy","location":null,"url":null,"description":"I ain't shit","protected":false,"verified":false,"followers_count":796,"friends_count":834,"listed_count":0,"favourites_count":1818,"statuses_count":31241,"created_at":"Wed Aug 12 18:13:49 +0000 2009","utc_offset":-18000,"time_zone":"Quito","geo_enabled":true,"lang":"en","contributors_enabled":false,"is_translator":false,"profile_background_color":"141414","profile_background_image_url":"http:\/\/pbs.twimg.com\/profile_background_images\/742649155\/68d7c0f414ec8e64cb125a5b9bb4fb95.jpeg","profile_background_image_url_https":"https:\/\/pbs.twimg.com\/profile_background_images\/742649155\/68d7c0f414ec8e64cb125a5b9bb4fb95.jpeg","profile_background_tile":true,"profile_link_color":"F513DB","profile_sidebar_border_color":"000000","profile_sidebar_fill_color":"9BD986","profile_text_color":"333333","profile_use_background_image":true,"profile_image_url":"http:\/\/pbs.twimg.com\/profile_images\/787318726890778625\/R2zGKeBL_normal.jpg","profile_image_url_https":"https:\/\/pbs.twimg.com\/profile_images\/787318726890778625\/R2zGKeBL_normal.jpg","profile_banner_url":"https:\/\/pbs.twimg.com\/profile_banners\/65111260\/1454432500","default_profile":false,"default_profile_image":false,"following":null,"follow_request_sent":null,"notifications":null},"geo":null,"coordinates":null,"place":{"id":"3e711c16431907f4","url":"https:\/\/api.twitter.com\/1.1\/geo\/id\/3e711c16431907f4.json","place_type":"city","name":"Lynn","full_name":"Lynn, MA","country_code":"US","country":"United States","bounding_box":{"type":"Polygon","coordinates":[[[-71.011530,42.444954],[-71.011530,42.512520],[-70.922180,42.512520],[-70.922180,42.444954]]]},"attributes":{}},"contributors":null,"is_quote_status":false,"retweet_count":0,"favorite_count":0,"entities":{"hashtags":[],"urls":[],"user_mentions":[],"symbols":[]},"favorited":false,"retweeted":false,"filter_level":"low","lang":"en","timestamp_ms":"1480400354888"}
{"created_at":"Tue Nov 29 06:19:24 +0000 2016","id":803483481707806720,"id_str":"803483481707806720","text":"@kylaaajeannn Bahaha","display_text_range":[14,20],"source":"\u003ca href=\"http:\/\/twitter.com\" rel=\"nofollow\"\u003eTwitter Web Client\u003c\/a\u003e","truncated":false,"in_reply_to_status_id":803482784450940928,"in_reply_to_status_id_str":"803482784450940928","in_reply_to_user_id":544691112,"in_reply_to_user_id_str":"544691112","in_reply_to_screen_name":"kylaaajeannn","user":{"id":823488240,"id_str":"823488240","name":"k_lakiss","screen_name":"k_lakiss","location":"boston","url":null,"description":"SSU 17' fin\/eco  beginner meditator and yoga enthusiast overly curious","protected":false,"verified":false,"followers_count":949,"friends_count":1732,"listed_count":7,"favourites_count":21378,"statuses_count":15313,"created_at":"Fri Sep 14 15:32:03 +0000 2012","utc_offset":-28800,"time_zone":"Pacific Time (US & Canada)","geo_enabled":true,"lang":"en","contributors_enabled":false,"is_translator":false,"profile_background_color":"010A0F","profile_background_image_url":"http:\/\/pbs.twimg.com\/profile_background_images\/378800000075860909\/36e3fad7af9a90c78fce63e1fa3e2e5f.jpeg","profile_background_image_url_https":"https:\/\/pbs.twimg.com\/profile_background_images\/378800000075860909\/36e3fad7af9a90c78fce63e1fa3e2e5f.jpeg","profile_background_tile":true,"profile_link_color":"998833","profile_sidebar_border_color":"FFFFFF","profile_sidebar_fill_color":"DDEEF6","profile_text_color":"333333","profile_use_background_image":true,"profile_image_url":"http:\/\/pbs.twimg.com\/profile_images\/803116110472245248\/ocKSwz8F_normal.jpg","profile_image_url_https":"https:\/\/pbs.twimg.com\/profile_images\/803116110472245248\/ocKSwz8F_normal.jpg","profile_banner_url":"https:\/\/pbs.twimg.com\/profile_banners\/823488240\/1479574327","default_profile":false,"default_profile_image":false,"following":null,"follow_request_sent":null,"notifications":null},"geo":null,"coordinates":null,"place":{"id":"90eed94925e42147","url":"https:\/\/api.twitter.com\/1.1\/geo\/id\/90eed94925e42147.json","place_type":"city","name":"Salem","full_name":"Salem, MA","country_code":"US","country":"United States","bounding_box":{"type":"Polygon","coordinates":[[[-70.950694,42.483930],[-70.950694,42.546174],[-70.864351,42.546174],[-70.864351,42.483930]]]},"attributes":{}},"contributors":null,"is_quote_status":false,"retweet_count":0,"favorite_count":0,"entities":{"hashtags":[],"urls":[],"user_mentions":[{"screen_name":"kylaaajeannn","name":"#NoDAPL","id":544691112,"id_str":"544691112","indices":[0,13]}],"symbols":[]},"favorited":false,"retweeted":false,"filter_level":"low","lang":"tl","timestamp_ms":"1480400364697"}
{"created_at":"Tue Nov 29 06:19:26 +0000 2016","id":803483487588192256,"id_str":"803483487588192256","text":"I was cuddling my cat and I rolled over and she wouldn't stop meowing till I cuddled her again#trulove","source":"\u003ca href=\"http:\/\/twitter.com\/download\/iphone\" rel=\"nofollow\"\u003eTwitter for iPhone\u003c\/a\u003e","truncated":false,"in_reply_to_status_id":null,"in_reply_to_status_id_str":null,"in_reply_to_user_id":null,"in_reply_to_user_id_str":null,"in_reply_to_screen_name":null,"user":{"id":60160031,"id_str":"60160031","name":"Kaila Fuller","screen_name":"kailav12","location":"Massachusetts, USA","url":null,"description":"I want to be Wonder Woman, an author, a model, and a publicist. in that order. Salem state university '20","protected":false,"verified":false,"followers_count":566,"friends_count":269,"listed_count":0,"favourites_count":3487,"statuses_count":21851,"created_at":"Sat Jul 25 22:01:16 +0000 2009","utc_offset":-18000,"time_zone":"Quito","geo_enabled":true,"lang":"en","contributors_enabled":false,"is_translator":false,"profile_background_color":"000000","profile_background_image_url":"http:\/\/pbs.twimg.com\/profile_background_images\/378800000069916616\/f84e796badcc1e393caf6c492535c0fc.png","profile_background_image_url_https":"https:\/\/pbs.twimg.com\/profile_background_images\/378800000069916616\/f84e796badcc1e393caf6c492535c0fc.png","profile_background_tile":true,"profile_link_color":"030303","profile_sidebar_border_color":"000000","profile_sidebar_fill_color":"E5507E","profile_text_color":"362720","profile_use_background_image":true,"profile_image_url":"http:\/\/pbs.twimg.com\/profile_images\/803478770132848640\/ZXSNFLpH_normal.jpg","profile_image_url_https":"https:\/\/pbs.twimg.com\/profile_images\/803478770132848640\/ZXSNFLpH_normal.jpg","profile_banner_url":"https:\/\/pbs.twimg.com\/profile_banners\/60160031\/1402514081","default_profile":false,"default_profile_image":false,"following":null,"follow_request_sent":null,"notifications":null},"geo":null,"coordinates":null,"place":{"id":"7dea5f8c907d1ea2","url":"https:\/\/api.twitter.com\/1.1\/geo\/id\/7dea5f8c907d1ea2.json","place_type":"city","name":"Beverly","full_name":"Beverly, MA","country_code":"US","country":"United States","bounding_box":{"type":"Polygon","coordinates":[[[-70.923007,42.539150],[-70.923007,42.593439],[-70.793176,42.593439],[-70.793176,42.539150]]]},"attributes":{}},"contributors":null,"is_quote_status":false,"retweet_count":0,"favorite_count":0,"entities":{"hashtags":[],"urls":[],"user_mentions":[],"symbols":[]},"favorited":false,"retweeted":false,"filter_level":"low","lang":"en","timestamp_ms":"1480400366099"}
{"created_at":"Tue Nov 29 06:19:36 +0000 2016","id":803483529648766977,"id_str":"803483529648766977","text":"@kodakblack1k who\u2019s real name is Dieuson Octave, has now been transferred from the St. Lucie\u2026 https:\/\/t.co\/U1Cy7s1oss","source":"\u003ca href=\"http:\/\/instagram.com\" rel=\"nofollow\"\u003eInstagram\u003c\/a\u003e","truncated":false,"in_reply_to_status_id":null,"in_reply_to_status_id_str":null,"in_reply_to_user_id":2163267319,"in_reply_to_user_id_str":"2163267319","in_reply_to_screen_name":"KodakBlack1k","user":{"id":1061276815,"id_str":"1061276815","name":"Risingstars Magazine","screen_name":"Rstarsmagazine","location":"Massachusetts, USA","url":"http:\/\/RstarsMagazine.com","description":"PRINT\ud83d\udca5DIGITAL \ud83d\udca5NEWS \ud83d\udca5Creating More Opportunities : \ud83d\udce7RstarsMagazine@gmail.com Feature Tag Us or Use #RstarsMagazine @RstarsMagazine","protected":false,"verified":false,"followers_count":11126,"friends_count":10707,"listed_count":77,"favourites_count":1118,"statuses_count":23660,"created_at":"Fri Jan 04 19:44:39 +0000 2013","utc_offset":-18000,"time_zone":"Eastern Time (US & Canada)","geo_enabled":true,"lang":"en","contributors_enabled":false,"is_translator":false,"profile_background_color":"DD2E44","profile_background_image_url":"http:\/\/pbs.twimg.com\/profile_background_images\/567126450243776513\/UPlGLf4u.png","profile_background_image_url_https":"https:\/\/pbs.twimg.com\/profile_background_images\/567126450243776513\/UPlGLf4u.png","profile_background_tile":true,"profile_link_color":"E81C4F","profile_sidebar_border_color":"000000","profile_sidebar_fill_color":"DDEEF6","profile_text_color":"333333","profile_use_background_image":true,"profile_image_url":"http:\/\/pbs.twimg.com\/profile_images\/776122140022153217\/3DtxJnBR_normal.jpg","profile_image_url_https":"https:\/\/pbs.twimg.com\/profile_images\/776122140022153217\/3DtxJnBR_normal.jpg","profile_banner_url":"https:\/\/pbs.twimg.com\/profile_banners\/1061276815\/1474344632","default_profile":false,"default_profile_image":false,"following":null,"follow_request_sent":null,"notifications":null},"geo":{"type":"Point","coordinates":[42.463376,-70.9406501]},"coordinates":{"type":"Point","coordinates":[-70.9406501,42.463376]},"place":{"id":"3e711c16431907f4","url":"https:\/\/api.twitter.com\/1.1\/geo\/id\/3e711c16431907f4.json","place_type":"city","name":"Lynn","full_name":"Lynn, MA","country_code":"US","country":"United States","bounding_box":{"type":"Polygon","coordinates":[[[-71.011530,42.444954],[-71.011530,42.512520],[-70.922180,42.512520],[-70.922180,42.444954]]]},"attributes":{}},"contributors":null,"is_quote_status":false,"retweet_count":0,"favorite_count":0,"entities":{"hashtags":[],"urls":[{"url":"https:\/\/t.co\/U1Cy7s1oss","expanded_url":"https:\/\/www.instagram.com\/p\/BNYj3rIg16w\/","display_url":"instagram.com\/p\/BNYj3rIg16w\/","indices":[94,117]}],"user_mentions":[{"screen_name":"KodakBlack1k","name":"Kodak Black","id":2163267319,"id_str":"2163267319","indices":[0,13]}],"symbols":[]},"favorited":false,"retweeted":false,"possibly_sensitive":false,"filter_level":"low","lang":"en","timestamp_ms":"1480400376127"}
{"created_at":"Tue Nov 29 06:19:42 +0000 2016","id":803483554286104576,"id_str":"803483554286104576","text":"@kodakblack1k who\u2019s real name is Dieuson Octave, has now been transferred from the St. Lucie\u2026 https:\/\/t.co\/2k41lg32PK","source":"\u003ca href=\"http:\/\/linkis.com\" rel=\"nofollow\"\u003ePut your button on any page! \u003c\/a\u003e","truncated":false,"in_reply_to_status_id":null,"in_reply_to_status_id_str":null,"in_reply_to_user_id":2163267319,"in_reply_to_user_id_str":"2163267319","in_reply_to_screen_name":"KodakBlack1k","user":{"id":1061276815,"id_str":"1061276815","name":"Risingstars Magazine","screen_name":"Rstarsmagazine","location":"Massachusetts, USA","url":"http:\/\/RstarsMagazine.com","description":"PRINT\ud83d\udca5DIGITAL \ud83d\udca5NEWS \ud83d\udca5Creating More Opportunities : \ud83d\udce7RstarsMagazine@gmail.com Feature Tag Us or Use #RstarsMagazine @RstarsMagazine","protected":false,"verified":false,"followers_count":11126,"friends_count":10707,"listed_count":77,"favourites_count":1118,"statuses_count":23661,"created_at":"Fri Jan 04 19:44:39 +0000 2013","utc_offset":-18000,"time_zone":"Eastern Time (US & Canada)","geo_enabled":true,"lang":"en","contributors_enabled":false,"is_translator":false,"profile_background_color":"DD2E44","profile_background_image_url":"http:\/\/pbs.twimg.com\/profile_background_images\/567126450243776513\/UPlGLf4u.png","profile_background_image_url_https":"https:\/\/pbs.twimg.com\/profile_background_images\/567126450243776513\/UPlGLf4u.png","profile_background_tile":true,"profile_link_color":"E81C4F","profile_sidebar_border_color":"000000","profile_sidebar_fill_color":"DDEEF6","profile_text_color":"333333","profile_use_background_image":true,"profile_image_url":"http:\/\/pbs.twimg.com\/profile_images\/776122140022153217\/3DtxJnBR_normal.jpg","profile_image_url_https":"https:\/\/pbs.twimg.com\/profile_images\/776122140022153217\/3DtxJnBR_normal.jpg","profile_banner_url":"https:\/\/pbs.twimg.com\/profile_banners\/1061276815\/1474344632","default_profile":false,"default_profile_image":false,"following":null,"follow_request_sent":null,"notifications":null},"geo":{"type":"Point","coordinates":[42.463376,-70.9406501]},"coordinates":{"type":"Point","coordinates":[-70.9406501,42.463376]},"place":{"id":"3e711c16431907f4","url":"https:\/\/api.twitter.com\/1.1\/geo\/id\/3e711c16431907f4.json","place_type":"city","name":"Lynn","full_name":"Lynn, MA","country_code":"US","country":"United States","bounding_box":{"type":"Polygon","coordinates":[[[-71.011530,42.444954],[-71.011530,42.512520],[-70.922180,42.512520],[-70.922180,42.444954]]]},"attributes":{}},"contributors":null,"is_quote_status":false,"retweet_count":0,"favorite_count":0,"entities":{"hashtags":[],"urls":[{"url":"https:\/\/t.co\/2k41lg32PK","expanded_url":"http:\/\/ln.is\/www.instagram.com\/p\/fnaaQ","display_url":"ln.is\/www.instagram.\u2026","indices":[94,117]}],"user_mentions":[{"screen_name":"KodakBlack1k","name":"Kodak Black","id":2163267319,"id_str":"2163267319","indices":[0,13]}],"symbols":[]},"favorited":false,"retweeted":false,"possibly_sensitive":false,"filter_level":"low","lang":"en","timestamp_ms":"1480400382001"}
{"created_at":"Tue Nov 29 06:19:54 +0000 2016","id":803483605997649920,"id_str":"803483605997649920","text":"im just tryna swim in something wetter than the ocean","source":"\u003ca href=\"http:\/\/twitter.com\/download\/android\" rel=\"nofollow\"\u003eTwitter for Android\u003c\/a\u003e","truncated":false,"in_reply_to_status_id":null,"in_reply_to_status_id_str":null,"in_reply_to_user_id":null,"in_reply_to_user_id_str":null,"in_reply_to_screen_name":null,"user":{"id":188880453,"id_str":"188880453","name":"Ethan Marques","screen_name":"Ethan_Marques","location":"Earth","url":null,"description":"027(47)","protected":false,"verified":false,"followers_count":233,"friends_count":97,"listed_count":1,"favourites_count":603,"statuses_count":5638,"created_at":"Thu Sep 09 20:29:40 +0000 2010","utc_offset":-14400,"time_zone":"Atlantic Time (Canada)","geo_enabled":true,"lang":"en","contributors_enabled":false,"is_translator":false,"profile_background_color":"1BDE0D","profile_background_image_url":"http:\/\/pbs.twimg.com\/profile_background_images\/567720231317958656\/-E3ckmGN.png","profile_background_image_url_https":"https:\/\/pbs.twimg.com\/profile_background_images\/567720231317958656\/-E3ckmGN.png","profile_background_tile":true,"profile_link_color":"ABB8C2","profile_sidebar_border_color":"000000","profile_sidebar_fill_color":"FF7300","profile_text_color":"8B2AA8","profile_use_background_image":true,"profile_image_url":"http:\/\/pbs.twimg.com\/profile_images\/800514118360956929\/kwwDLQ0h_normal.jpg","profile_image_url_https":"https:\/\/pbs.twimg.com\/profile_images\/800514118360956929\/kwwDLQ0h_normal.jpg","profile_banner_url":"https:\/\/pbs.twimg.com\/profile_banners\/188880453\/1474434585","default_profile":false,"default_profile_image":false,"following":null,"follow_request_sent":null,"notifications":null},"geo":null,"coordinates":null,"place":{"id":"cd450c94084cbf9b","url":"https:\/\/api.twitter.com\/1.1\/geo\/id\/cd450c94084cbf9b.json","place_type":"admin","name":"Massachusetts","full_name":"Massachusetts, USA","country_code":"US","country":"United States","bounding_box":{"type":"Polygon","coordinates":[[[-73.508143,41.187054],[-73.508143,42.886824],[-69.858861,42.886824],[-69.858861,41.187054]]]},"attributes":{}},"contributors":null,"is_quote_status":false,"retweet_count":0,"favorite_count":0,"entities":{"hashtags":[],"urls":[],"user_mentions":[],"symbols":[]},"favorited":false,"retweeted":false,"filter_level":"low","lang":"en","timestamp_ms":"1480400394330"}
