{"created_at":"Mon Nov 28 21:57:05 +0000 2016","id":803357069755576320,"id_str":"803357069755576320","text":"This #job might be a great fit for you: Shift Supervisor - https:\/\/t.co\/900PeZrwoS #parttime #Hospitality #Portsmouth, NH #Veterans #Hiring","source":"\u003ca href=\"http:\/\/www.tweetmyjobs.com\" rel=\"nofollow\"\u003eTweetMyJOBS\u003c\/a\u003e","truncated":false,"in_reply_to_status_id":null,"in_reply_to_status_id_str":null,"in_reply_to_user_id":null,"in_reply_to_user_id_str":null,"in_reply_to_screen_name":null,"user":{"id":110629542,"id_str":"110629542","name":"TMJ-NHC HRTA Jobs","screen_name":"tmj_NHC_HRTA","location":"Concord, NH","url":"http:\/\/www.careerarc.com\/job-seeker","description":"Follow this account for geo-targeted Hospitality\/Restaurant\/Tourism job tweets in Concord, NH. Need help? Tweet us at @CareerArc!","protected":false,"verified":false,"followers_count":291,"friends_count":265,"listed_count":35,"favourites_count":0,"statuses_count":184,"created_at":"Tue Feb 02 06:23:05 +0000 2010","utc_offset":-18000,"time_zone":"Eastern Time (US & Canada)","geo_enabled":true,"lang":"en","contributors_enabled":false,"is_translator":false,"profile_background_color":"253956","profile_background_image_url":"http:\/\/pbs.twimg.com\/profile_background_images\/315404227\/Twitter-BG_2_bg-image.jpg","profile_background_image_url_https":"https:\/\/pbs.twimg.com\/profile_background_images\/315404227\/Twitter-BG_2_bg-image.jpg","profile_background_tile":false,"profile_link_color":"4A913C","profile_sidebar_border_color":"000000","profile_sidebar_fill_color":"407DB0","profile_text_color":"000000","profile_use_background_image":true,"profile_image_url":"http:\/\/pbs.twimg.com\/profile_images\/700515468893761536\/cLPLbadU_normal.jpg","profile_image_url_https":"https:\/\/pbs.twimg.com\/profile_images\/700515468893761536\/cLPLbadU_normal.jpg","profile_banner_url":"https:\/\/pbs.twimg.com\/profile_banners\/110629542\/1455850879","default_profile":false,"default_profile_image":false,"following":null,"follow_request_sent":null,"notifications":null},"geo":{"type":"Point","coordinates":[43.0882549,-70.7882979]},"coordinates":{"type":"Point","coordinates":[-70.7882979,43.0882549]},"place":{"id":"fb3aafdc1555efcf","url":"https:\/\/api.twitter.com\/1.1\/geo\/id\/fb3aafdc1555efcf.json","place_type":"city","name":"Portsmouth","full_name":"Portsmouth, NH","country_code":"US","country":"United States","bounding_box":{"type":"Polygon","coordinates":[[[-70.820242,43.013673],[-70.820242,43.098556],[-70.737324,43.098556],[-70.737324,43.013673]]]},"attributes":{}},"contributors":null,"is_quote_status":false,"retweet_count":0,"favorite_count":0,"entities":{"hashtags":[{"text":"job","indices":[5,9]},{"text":"parttime","indices":[83,92]},{"text":"Hospitality","indices":[93,105]},{"text":"Portsmouth","indices":[106,117]},{"text":"Veterans","indices":[122,131]},{"text":"Hiring","indices":[132,139]}],"urls":[{"url":"https:\/\/t.co\/900PeZrwoS","expanded_url":"http:\/\/bit.ly\/2eSRsue","display_url":"bit.ly\/2eSRsue","indices":[59,82]}],"user_mentions":[],"symbols":[]},"favorited":false,"retweeted":false,"possibly_sensitive":false,"filter_level":"low","lang":"en","timestamp_ms":"1480370225739"}
{"created_at":"Mon Nov 28 21:57:10 +0000 2016","id":803357090425212928,"id_str":"803357090425212928","text":"If I'm into you, nobody else is getting the same attention","source":"\u003ca href=\"http:\/\/twitter.com\/download\/iphone\" rel=\"nofollow\"\u003eTwitter for iPhone\u003c\/a\u003e","truncated":false,"in_reply_to_status_id":null,"in_reply_to_status_id_str":null,"in_reply_to_user_id":null,"in_reply_to_user_id_str":null,"in_reply_to_screen_name":null,"user":{"id":305264197,"id_str":"305264197","name":"micaela","screen_name":"_missmicaela","location":"Somewhere near boston","url":null,"description":null,"protected":false,"verified":false,"followers_count":1217,"friends_count":1760,"listed_count":1,"favourites_count":5604,"statuses_count":21852,"created_at":"Wed May 25 22:39:25 +0000 2011","utc_offset":-28800,"time_zone":"Pacific Time (US & Canada)","geo_enabled":true,"lang":"en","contributors_enabled":false,"is_translator":false,"profile_background_color":"DBE9ED","profile_background_image_url":"http:\/\/pbs.twimg.com\/profile_background_images\/378800000102274628\/840f21e49b1151e02ceeb514399a2d19.jpeg","profile_background_image_url_https":"https:\/\/pbs.twimg.com\/profile_background_images\/378800000102274628\/840f21e49b1151e02ceeb514399a2d19.jpeg","profile_background_tile":true,"profile_link_color":"3175BD","profile_sidebar_border_color":"FFFFFF","profile_sidebar_fill_color":"E6F6F9","profile_text_color":"333333","profile_use_background_image":true,"profile_image_url":"http:\/\/pbs.twimg.com\/profile_images\/793573657406767105\/nXXoGU9-_normal.jpg","profile_image_url_https":"https:\/\/pbs.twimg.com\/profile_images\/793573657406767105\/nXXoGU9-_normal.jpg","profile_banner_url":"https:\/\/pbs.twimg.com\/profile_banners\/305264197\/1457705201","default_profile":false,"default_profile_image":false,"following":null,"follow_request_sent":null,"notifications":null},"geo":null,"coordinates":null,"place":{"id":"90eed94925e42147","url":"https:\/\/api.twitter.com\/1.1\/geo\/id\/90eed94925e42147.json","place_type":"city","name":"Salem","full_name":"Salem, MA","country_code":"US","country":"United States","bounding_box":{"type":"Polygon","coordinates":[[[-70.950694,42.483930],[-70.950694,42.546174],[-70.864351,42.546174],[-70.864351,42.483930]]]},"attributes":{}},"contributors":null,"is_quote_status":false,"retweet_count":0,"favorite_count":0,"entities":{"hashtags":[],"urls":[],"user_mentions":[],"symbols":[]},"favorited":false,"retweeted":false,"filter_level":"low","lang":"en","timestamp_ms":"1480370230667"}
{"created_at":"Mon Nov 28 21:57:12 +0000 2016","id":803357098620940294,"id_str":"803357098620940294","text":"Made breadcrumbs at work https:\/\/t.co\/QdnR8Sgk2C","display_text_range":[0,24],"source":"\u003ca href=\"http:\/\/twitter.com\/download\/iphone\" rel=\"nofollow\"\u003eTwitter for iPhone\u003c\/a\u003e","truncated":false,"in_reply_to_status_id":null,"in_reply_to_status_id_str":null,"in_reply_to_user_id":null,"in_reply_to_user_id_str":null,"in_reply_to_screen_name":null,"user":{"id":2192596428,"id_str":"2192596428","name":"Nick\u2601\ufe0f","screen_name":"Nick___Clark","location":null,"url":null,"description":null,"protected":false,"verified":false,"followers_count":275,"friends_count":175,"listed_count":0,"favourites_count":15170,"statuses_count":12018,"created_at":"Wed Nov 13 16:49:08 +0000 2013","utc_offset":-18000,"time_zone":"Eastern Time (US & Canada)","geo_enabled":true,"lang":"en","contributors_enabled":false,"is_translator":false,"profile_background_color":"C0DEED","profile_background_image_url":"http:\/\/pbs.twimg.com\/profile_background_images\/378800000124577540\/4964890481aaddcd3c770764c0ed2a06.jpeg","profile_background_image_url_https":"https:\/\/pbs.twimg.com\/profile_background_images\/378800000124577540\/4964890481aaddcd3c770764c0ed2a06.jpeg","profile_background_tile":true,"profile_link_color":"0084B4","profile_sidebar_border_color":"FFFFFF","profile_sidebar_fill_color":"DDEEF6","profile_text_color":"333333","profile_use_background_image":true,"profile_image_url":"http:\/\/pbs.twimg.com\/profile_images\/777796139244515328\/ogb7r9wf_normal.jpg","profile_image_url_https":"https:\/\/pbs.twimg.com\/profile_images\/777796139244515328\/ogb7r9wf_normal.jpg","profile_banner_url":"https:\/\/pbs.twimg.com\/profile_banners\/2192596428\/1474276026","default_profile":false,"default_profile_image":false,"following":null,"follow_request_sent":null,"notifications":null},"geo":null,"coordinates":null,"place":{"id":"fb3aafdc1555efcf","url":"https:\/\/api.twitter.com\/1.1\/geo\/id\/fb3aafdc1555efcf.json","place_type":"city","name":"Portsmouth","full_name":"Portsmouth, NH","country_code":"US","country":"United States","bounding_box":{"type":"Polygon","coordinates":[[[-70.820242,43.013673],[-70.820242,43.098556],[-70.737324,43.098556],[-70.737324,43.013673]]]},"attributes":{}},"contributors":null,"is_quote_status":false,"retweet_count":0,"favorite_count":0,"entities":{"hashtags":[],"urls":[],"user_mentions":[],"symbols":[],"media":[{"id":803357092421701632,"id_str":"803357092421701632","indices":[25,48],"media_url":"http:\/\/pbs.twimg.com\/media\/CyYZBOmWEAA0g_p.jpg","media_url_https":"https:\/\/pbs.twimg.com\/media\/CyYZBOmWEAA0g_p.jpg","url":"https:\/\/t.co\/QdnR8Sgk2C","display_url":"pic.twitter.com\/QdnR8Sgk2C","expanded_url":"https:\/\/twitter.com\/Nick___Clark\/status\/803357098620940294\/photo\/1","type":"photo","sizes":{"small":{"w":472,"h":680,"resize":"fit"},"thumb":{"w":150,"h":150,"resize":"crop"},"medium":{"w":750,"h":1080,"resize":"fit"},"large":{"w":750,"h":1080,"resize":"fit"}}}]},"extended_entities":{"media":[{"id":803357092421701632,"id_str":"803357092421701632","indices":[25,48],"media_url":"http:\/\/pbs.twimg.com\/media\/CyYZBOmWEAA0g_p.jpg","media_url_https":"https:\/\/pbs.twimg.com\/media\/CyYZBOmWEAA0g_p.jpg","url":"https:\/\/t.co\/QdnR8Sgk2C","display_url":"pic.twitter.com\/QdnR8Sgk2C","expanded_url":"https:\/\/twitter.com\/Nick___Clark\/status\/803357098620940294\/photo\/1","type":"photo","sizes":{"small":{"w":472,"h":680,"resize":"fit"},"thumb":{"w":150,"h":150,"resize":"crop"},"medium":{"w":750,"h":1080,"resize":"fit"},"large":{"w":750,"h":1080,"resize":"fit"}}}]},"favorited":false,"retweeted":false,"possibly_sensitive":false,"filter_level":"low","lang":"en","timestamp_ms":"1480370232621"}
{"created_at":"Mon Nov 28 21:57:21 +0000 2016","id":803357136566816768,"id_str":"803357136566816768","text":"@kenzorellla @TobyHater Hahahaha nah fammm\ud83d\ude05\ud83d\ude05\ud83d\ude02","display_text_range":[24,45],"source":"\u003ca href=\"http:\/\/twitter.com\/download\/iphone\" rel=\"nofollow\"\u003eTwitter for iPhone\u003c\/a\u003e","truncated":false,"in_reply_to_status_id":803357052005416961,"in_reply_to_status_id_str":"803357052005416961","in_reply_to_user_id":4160843843,"in_reply_to_user_id_str":"4160843843","in_reply_to_screen_name":"kenzorellla","user":{"id":559627320,"id_str":"559627320","name":"Benjamin","screen_name":"BenLaine05","location":null,"url":null,"description":"spontaneousness is key","protected":false,"verified":false,"followers_count":470,"friends_count":255,"listed_count":1,"favourites_count":1508,"statuses_count":658,"created_at":"Sat Apr 21 13:36:28 +0000 2012","utc_offset":-18000,"time_zone":"Eastern Time (US & Canada)","geo_enabled":true,"lang":"en","contributors_enabled":false,"is_translator":false,"profile_background_color":"709397","profile_background_image_url":"http:\/\/abs.twimg.com\/images\/themes\/theme6\/bg.gif","profile_background_image_url_https":"https:\/\/abs.twimg.com\/images\/themes\/theme6\/bg.gif","profile_background_tile":false,"profile_link_color":"3B94D9","profile_sidebar_border_color":"86A4A6","profile_sidebar_fill_color":"A0C5C7","profile_text_color":"333333","profile_use_background_image":true,"profile_image_url":"http:\/\/pbs.twimg.com\/profile_images\/796186261195255808\/88dEsD4-_normal.jpg","profile_image_url_https":"https:\/\/pbs.twimg.com\/profile_images\/796186261195255808\/88dEsD4-_normal.jpg","profile_banner_url":"https:\/\/pbs.twimg.com\/profile_banners\/559627320\/1478660626","default_profile":false,"default_profile_image":false,"following":null,"follow_request_sent":null,"notifications":null},"geo":null,"coordinates":null,"place":{"id":"31f250e874120287","url":"https:\/\/api.twitter.com\/1.1\/geo\/id\/31f250e874120287.json","place_type":"city","name":"Rochester","full_name":"Rochester, NH","country_code":"US","country":"United States","bounding_box":{"type":"Polygon","coordinates":[[[-71.014742,43.239714],[-71.014742,43.378501],[-70.905946,43.378501],[-70.905946,43.239714]]]},"attributes":{}},"contributors":null,"is_quote_status":false,"retweet_count":0,"favorite_count":0,"entities":{"hashtags":[],"urls":[],"user_mentions":[{"screen_name":"kenzorellla","name":"makenzie small","id":4160843843,"id_str":"4160843843","indices":[0,12]},{"screen_name":"TobyHater","name":"Michael Gary Scott","id":2775546781,"id_str":"2775546781","indices":[13,23]}],"symbols":[]},"favorited":false,"retweeted":false,"filter_level":"low","lang":"tl","timestamp_ms":"1480370241668"}
{"created_at":"Mon Nov 28 21:57:29 +0000 2016","id":803357171283009536,"id_str":"803357171283009536","text":"@dburbach @SeanTrende @Graniteprof That's who orders all that poutine at Chez Vachon! A dead give-away!","display_text_range":[35,103],"source":"\u003ca href=\"http:\/\/twitter.com\" rel=\"nofollow\"\u003eTwitter Web Client\u003c\/a\u003e","truncated":false,"in_reply_to_status_id":803351069996761088,"in_reply_to_status_id_str":"803351069996761088","in_reply_to_user_id":18824442,"in_reply_to_user_id_str":"18824442","in_reply_to_screen_name":"dburbach","user":{"id":33621904,"id_str":"33621904","name":"Tim Ashwell","screen_name":"TAshwell","location":"Durham, NH","url":null,"description":"Univ. of New Hampshire sport studies faculty, Democratic activist, born in Connecticut, graduate of UMass Amherst, currently a Durham, N.H. resident.","protected":false,"verified":false,"followers_count":274,"friends_count":184,"listed_count":20,"favourites_count":457,"statuses_count":3973,"created_at":"Mon Apr 20 19:03:48 +0000 2009","utc_offset":null,"time_zone":null,"geo_enabled":true,"lang":"en","contributors_enabled":false,"is_translator":false,"profile_background_color":"FFF04D","profile_background_image_url":"http:\/\/abs.twimg.com\/images\/themes\/theme19\/bg.gif","profile_background_image_url_https":"https:\/\/abs.twimg.com\/images\/themes\/theme19\/bg.gif","profile_background_tile":false,"profile_link_color":"0099CC","profile_sidebar_border_color":"FFF8AD","profile_sidebar_fill_color":"F6FFD1","profile_text_color":"333333","profile_use_background_image":true,"profile_image_url":"http:\/\/pbs.twimg.com\/profile_images\/795374209623060480\/D_Mx4ZuD_normal.jpg","profile_image_url_https":"https:\/\/pbs.twimg.com\/profile_images\/795374209623060480\/D_Mx4ZuD_normal.jpg","profile_banner_url":"https:\/\/pbs.twimg.com\/profile_banners\/33621904\/1453989167","default_profile":false,"default_profile_image":false,"following":null,"follow_request_sent":null,"notifications":null},"geo":null,"coordinates":null,"place":{"id":"4ce4dcdb8205c1b7","url":"https:\/\/api.twitter.com\/1.1\/geo\/id\/4ce4dcdb8205c1b7.json","place_type":"city","name":"Newmarket","full_name":"Newmarket, NH","country_code":"US","country":"United States","bounding_box":{"type":"Polygon","coordinates":[[[-70.983385,43.050459],[-70.983385,43.089936],[-70.889815,43.089936],[-70.889815,43.050459]]]},"attributes":{}},"contributors":null,"is_quote_status":false,"retweet_count":0,"favorite_count":0,"entities":{"hashtags":[],"urls":[],"user_mentions":[{"screen_name":"dburbach","name":"David Burbach","id":18824442,"id_str":"18824442","indices":[0,9]},{"screen_name":"SeanTrende","name":"Sean T at RCP","id":125375423,"id_str":"125375423","indices":[10,21]},{"screen_name":"Graniteprof","name":"Dante Scala","id":209622504,"id_str":"209622504","indices":[22,34]}],"symbols":[]},"favorited":false,"retweeted":false,"filter_level":"low","lang":"en","timestamp_ms":"1480370249945"}
{"created_at":"Mon Nov 28 21:57:45 +0000 2016","id":803357236315770880,"id_str":"803357236315770880","text":"@_emilybouchard it was a good one","display_text_range":[16,33],"source":"\u003ca href=\"http:\/\/twitter.com\/download\/iphone\" rel=\"nofollow\"\u003eTwitter for iPhone\u003c\/a\u003e","truncated":false,"in_reply_to_status_id":803356882383605760,"in_reply_to_status_id_str":"803356882383605760","in_reply_to_user_id":467070066,"in_reply_to_user_id_str":"467070066","in_reply_to_screen_name":"_emilybouchard","user":{"id":1686366211,"id_str":"1686366211","name":"fuckin razzle dazzle","screen_name":"emothug69","location":"Amesbury, MA","url":"http:\/\/suchbalancenocomposure.tumblr.com","description":"numb, but i still feel it. 1\/2 of water rocks and things","protected":false,"verified":false,"followers_count":645,"friends_count":341,"listed_count":6,"favourites_count":19964,"statuses_count":27785,"created_at":"Tue Aug 20 17:47:47 +0000 2013","utc_offset":-14400,"time_zone":"Atlantic Time (Canada)","geo_enabled":true,"lang":"en","contributors_enabled":false,"is_translator":false,"profile_background_color":"C0DEED","profile_background_image_url":"http:\/\/abs.twimg.com\/images\/themes\/theme1\/bg.png","profile_background_image_url_https":"https:\/\/abs.twimg.com\/images\/themes\/theme1\/bg.png","profile_background_tile":false,"profile_link_color":"1DA1F2","profile_sidebar_border_color":"C0DEED","profile_sidebar_fill_color":"DDEEF6","profile_text_color":"333333","profile_use_background_image":true,"profile_image_url":"http:\/\/pbs.twimg.com\/profile_images\/793852148085821440\/LL4dW5pF_normal.jpg","profile_image_url_https":"https:\/\/pbs.twimg.com\/profile_images\/793852148085821440\/LL4dW5pF_normal.jpg","profile_banner_url":"https:\/\/pbs.twimg.com\/profile_banners\/1686366211\/1480366691","default_profile":true,"default_profile_image":false,"following":null,"follow_request_sent":null,"notifications":null},"geo":null,"coordinates":null,"place":{"id":"01f2e34d113355c2","url":"https:\/\/api.twitter.com\/1.1\/geo\/id\/01f2e34d113355c2.json","place_type":"city","name":"Amesbury","full_name":"Amesbury, MA","country_code":"US","country":"United States","bounding_box":{"type":"Polygon","coordinates":[[[-71.004401,42.821746],[-71.004401,42.886811],[-70.899283,42.886811],[-70.899283,42.821746]]]},"attributes":{}},"contributors":null,"is_quote_status":false,"retweet_count":0,"favorite_count":0,"entities":{"hashtags":[],"urls":[],"user_mentions":[{"screen_name":"_emilybouchard","name":"em","id":467070066,"id_str":"467070066","indices":[0,15]}],"symbols":[]},"favorited":false,"retweeted":false,"filter_level":"low","lang":"en","timestamp_ms":"1480370265450"}
{"created_at":"Mon Nov 28 21:57:52 +0000 2016","id":803357263947825153,"id_str":"803357263947825153","text":"\ud83d\udc40 @Trey_Handsome https:\/\/t.co\/2nwc13Wi7r","display_text_range":[0,16],"source":"\u003ca href=\"http:\/\/twitter.com\/download\/iphone\" rel=\"nofollow\"\u003eTwitter for iPhone\u003c\/a\u003e","truncated":false,"in_reply_to_status_id":null,"in_reply_to_status_id_str":null,"in_reply_to_user_id":null,"in_reply_to_user_id_str":null,"in_reply_to_screen_name":null,"user":{"id":2526890567,"id_str":"2526890567","name":"Skooly \ud83d\udc10","screen_name":"SkoolyT24","location":"Fort Kent, ME","url":null,"description":"Skooly. Doing it for the Fam. Hooper. UMFK #12 Long Beach, CA","protected":false,"verified":false,"followers_count":1183,"friends_count":796,"listed_count":14,"favourites_count":18903,"statuses_count":43073,"created_at":"Sun May 04 02:10:20 +0000 2014","utc_offset":-25200,"time_zone":"Arizona","geo_enabled":true,"lang":"en","contributors_enabled":false,"is_translator":false,"profile_background_color":"C0DEED","profile_background_image_url":"http:\/\/abs.twimg.com\/images\/themes\/theme1\/bg.png","profile_background_image_url_https":"https:\/\/abs.twimg.com\/images\/themes\/theme1\/bg.png","profile_background_tile":false,"profile_link_color":"1DA1F2","profile_sidebar_border_color":"C0DEED","profile_sidebar_fill_color":"DDEEF6","profile_text_color":"333333","profile_use_background_image":true,"profile_image_url":"http:\/\/pbs.twimg.com\/profile_images\/795289677708333061\/ydEdYDfO_normal.jpg","profile_image_url_https":"https:\/\/pbs.twimg.com\/profile_images\/795289677708333061\/ydEdYDfO_normal.jpg","profile_banner_url":"https:\/\/pbs.twimg.com\/profile_banners\/2526890567\/1468261695","default_profile":true,"default_profile_image":false,"following":null,"follow_request_sent":null,"notifications":null},"geo":null,"coordinates":null,"place":{"id":"463f5d9615d7d1be","url":"https:\/\/api.twitter.com\/1.1\/geo\/id\/463f5d9615d7d1be.json","place_type":"admin","name":"Maine","full_name":"Maine, USA","country_code":"US","country":"United States","bounding_box":{"type":"Polygon","coordinates":[[[-71.084335,42.917127],[-71.084335,47.459687],[-66.885075,47.459687],[-66.885075,42.917127]]]},"attributes":{}},"contributors":null,"quoted_status_id":803316733104660480,"quoted_status_id_str":"803316733104660480","quoted_status":{"created_at":"Mon Nov 28 19:16:48 +0000 2016","id":803316733104660480,"id_str":"803316733104660480","text":"Compton is at number six at 4-1, Compton has not picked up any wins against ranked teams but the TarTars are a talented bunch.","source":"\u003ca href=\"http:\/\/twitter.com\/download\/iphone\" rel=\"nofollow\"\u003eTwitter for iPhone\u003c\/a\u003e","truncated":false,"in_reply_to_status_id":null,"in_reply_to_status_id_str":null,"in_reply_to_user_id":null,"in_reply_to_user_id_str":null,"in_reply_to_screen_name":null,"user":{"id":2540838506,"id_str":"2540838506","name":"John Bynum \ud83c\udfc0","screen_name":"sgnlthelgthoops","location":"Carson, CA","url":"http:\/\/www.signalthelightbasketball.com","description":"Signal The Light Basketball is the #1 news source for men's Junior College basketball in California ran by former Sequoias\/Metro St\/euro pro player.#jucoproduct","protected":false,"verified":false,"followers_count":2184,"friends_count":261,"listed_count":17,"favourites_count":2847,"statuses_count":21342,"created_at":"Mon Jun 02 05:57:18 +0000 2014","utc_offset":null,"time_zone":null,"geo_enabled":true,"lang":"en","contributors_enabled":false,"is_translator":false,"profile_background_color":"C0DEED","profile_background_image_url":"http:\/\/abs.twimg.com\/images\/themes\/theme1\/bg.png","profile_background_image_url_https":"https:\/\/abs.twimg.com\/images\/themes\/theme1\/bg.png","profile_background_tile":false,"profile_link_color":"1DA1F2","profile_sidebar_border_color":"C0DEED","profile_sidebar_fill_color":"DDEEF6","profile_text_color":"333333","profile_use_background_image":true,"profile_image_url":"http:\/\/pbs.twimg.com\/profile_images\/767392530098827264\/AGQZ1LSE_normal.jpg","profile_image_url_https":"https:\/\/pbs.twimg.com\/profile_images\/767392530098827264\/AGQZ1LSE_normal.jpg","profile_banner_url":"https:\/\/pbs.twimg.com\/profile_banners\/2540838506\/1406655632","default_profile":true,"default_profile_image":false,"following":null,"follow_request_sent":null,"notifications":null},"geo":null,"coordinates":null,"place":null,"contributors":null,"is_quote_status":false,"retweet_count":3,"favorite_count":5,"entities":{"hashtags":[],"urls":[],"user_mentions":[],"symbols":[]},"favorited":false,"retweeted":false,"filter_level":"low","lang":"en"},"is_quote_status":true,"retweet_count":0,"favorite_count":0,"entities":{"hashtags":[],"urls":[{"url":"https:\/\/t.co\/2nwc13Wi7r","expanded_url":"https:\/\/twitter.com\/sgnlthelgthoops\/status\/803316733104660480","display_url":"twitter.com\/sgnlthelgthoop\u2026","indices":[17,40]}],"user_mentions":[{"screen_name":"Trey_Handsome","name":"The Man Coach Taylor","id":282835047,"id_str":"282835047","indices":[2,16]}],"symbols":[]},"favorited":false,"retweeted":false,"possibly_sensitive":false,"filter_level":"low","lang":"und","timestamp_ms":"1480370272038"}
{"created_at":"Mon Nov 28 21:58:13 +0000 2016","id":803357352615362560,"id_str":"803357352615362560","text":"@PrincesssTabbby I love you \u2764\ufe0f","display_text_range":[17,30],"source":"\u003ca href=\"http:\/\/twitter.com\/download\/iphone\" rel=\"nofollow\"\u003eTwitter for iPhone\u003c\/a\u003e","truncated":false,"in_reply_to_status_id":803355577250353152,"in_reply_to_status_id_str":"803355577250353152","in_reply_to_user_id":500138575,"in_reply_to_user_id_str":"500138575","in_reply_to_screen_name":"PrincesssTabbby","user":{"id":3354299098,"id_str":"3354299098","name":"Jake Cryan","screen_name":"jcryan503","location":"Florida - Maine","url":null,"description":null,"protected":false,"verified":false,"followers_count":55,"friends_count":167,"listed_count":2,"favourites_count":1611,"statuses_count":295,"created_at":"Thu Jul 02 01:27:53 +0000 2015","utc_offset":null,"time_zone":null,"geo_enabled":true,"lang":"en","contributors_enabled":false,"is_translator":false,"profile_background_color":"C0DEED","profile_background_image_url":"http:\/\/abs.twimg.com\/images\/themes\/theme1\/bg.png","profile_background_image_url_https":"https:\/\/abs.twimg.com\/images\/themes\/theme1\/bg.png","profile_background_tile":false,"profile_link_color":"1DA1F2","profile_sidebar_border_color":"C0DEED","profile_sidebar_fill_color":"DDEEF6","profile_text_color":"333333","profile_use_background_image":true,"profile_image_url":"http:\/\/pbs.twimg.com\/profile_images\/616420583887122432\/F3iGKdyp_normal.jpg","profile_image_url_https":"https:\/\/pbs.twimg.com\/profile_images\/616420583887122432\/F3iGKdyp_normal.jpg","default_profile":true,"default_profile_image":false,"following":null,"follow_request_sent":null,"notifications":null},"geo":null,"coordinates":null,"place":{"id":"56f17de01cf8fcc6","url":"https:\/\/api.twitter.com\/1.1\/geo\/id\/56f17de01cf8fcc6.json","place_type":"city","name":"Kittery","full_name":"Kittery, ME","country_code":"US","country":"United States","bounding_box":{"type":"Polygon","coordinates":[[[-70.775038,43.074445],[-70.775038,43.135878],[-70.702518,43.135878],[-70.702518,43.074445]]]},"attributes":{}},"contributors":null,"is_quote_status":false,"retweet_count":0,"favorite_count":0,"entities":{"hashtags":[],"urls":[],"user_mentions":[{"screen_name":"PrincesssTabbby","name":"Princess","id":500138575,"id_str":"500138575","indices":[0,16]}],"symbols":[]},"favorited":false,"retweeted":false,"filter_level":"low","lang":"en","timestamp_ms":"1480370293178"}
{"created_at":"Mon Nov 28 21:58:20 +0000 2016","id":803357383846227968,"id_str":"803357383846227968","text":"The single \"Lush Life\" by @zaralarsson has been certified Platinum in \ud83c\udde8\ud83c\udde6! @Sony_Music https:\/\/t.co\/hriMXBY96v","display_text_range":[0,85],"source":"\u003ca href=\"http:\/\/twitter.com\" rel=\"nofollow\"\u003eTwitter Web Client\u003c\/a\u003e","truncated":false,"in_reply_to_status_id":null,"in_reply_to_status_id_str":null,"in_reply_to_user_id":null,"in_reply_to_user_id_str":null,"in_reply_to_screen_name":null,"user":{"id":2237731260,"id_str":"2237731260","name":"Gold\/Platinum Canada","screen_name":"GoldPlatCA","location":"Toronto, ON","url":"http:\/\/musiccanada.com\/gold-platinum\/","description":"Official Twitter Account for @Music_Canada's Gold\/Platinum Certification Program","protected":false,"verified":true,"followers_count":1226,"friends_count":702,"listed_count":17,"favourites_count":711,"statuses_count":924,"created_at":"Mon Dec 09 14:29:35 +0000 2013","utc_offset":null,"time_zone":null,"geo_enabled":true,"lang":"en","contributors_enabled":false,"is_translator":false,"profile_background_color":"131516","profile_background_image_url":"http:\/\/abs.twimg.com\/images\/themes\/theme14\/bg.gif","profile_background_image_url_https":"https:\/\/abs.twimg.com\/images\/themes\/theme14\/bg.gif","profile_background_tile":false,"profile_link_color":"DAA520","profile_sidebar_border_color":"000000","profile_sidebar_fill_color":"DDEEF6","profile_text_color":"333333","profile_use_background_image":true,"profile_image_url":"http:\/\/pbs.twimg.com\/profile_images\/774636518547816448\/vjPV-2uq_normal.jpg","profile_image_url_https":"https:\/\/pbs.twimg.com\/profile_images\/774636518547816448\/vjPV-2uq_normal.jpg","profile_banner_url":"https:\/\/pbs.twimg.com\/profile_banners\/2237731260\/1473522732","default_profile":false,"default_profile_image":false,"following":null,"follow_request_sent":null,"notifications":null},"geo":null,"coordinates":null,"place":{"id":"3376992a082d67c7","url":"https:\/\/api.twitter.com\/1.1\/geo\/id\/3376992a082d67c7.json","place_type":"country","name":"Canada","full_name":"Canada","country_code":"CA","country":"Canada","bounding_box":{"type":"Polygon","coordinates":[[[-141.561094,41.676329],[-141.561094,89.999900],[-51.053519,89.999900],[-51.053519,41.676329]]]},"attributes":{}},"contributors":null,"is_quote_status":false,"retweet_count":0,"favorite_count":0,"entities":{"hashtags":[],"urls":[],"user_mentions":[{"screen_name":"zaralarsson","name":"Zara Larsson","id":966204836,"id_str":"966204836","indices":[26,38]},{"screen_name":"Sony_Music","name":"Sony Music Canada","id":16888233,"id_str":"16888233","indices":[74,85]}],"symbols":[],"media":[{"id":803357157676773376,"id_str":"803357157676773376","indices":[86,109],"media_url":"http:\/\/pbs.twimg.com\/media\/CyYZFBsXcAA35Hg.jpg","media_url_https":"https:\/\/pbs.twimg.com\/media\/CyYZFBsXcAA35Hg.jpg","url":"https:\/\/t.co\/hriMXBY96v","display_url":"pic.twitter.com\/hriMXBY96v","expanded_url":"https:\/\/twitter.com\/GoldPlatCA\/status\/803357383846227968\/photo\/1","type":"photo","sizes":{"small":{"w":680,"h":340,"resize":"fit"},"large":{"w":1024,"h":512,"resize":"fit"},"thumb":{"w":150,"h":150,"resize":"crop"},"medium":{"w":1024,"h":512,"resize":"fit"}}}]},"extended_entities":{"media":[{"id":803357157676773376,"id_str":"803357157676773376","indices":[86,109],"media_url":"http:\/\/pbs.twimg.com\/media\/CyYZFBsXcAA35Hg.jpg","media_url_https":"https:\/\/pbs.twimg.com\/media\/CyYZFBsXcAA35Hg.jpg","url":"https:\/\/t.co\/hriMXBY96v","display_url":"pic.twitter.com\/hriMXBY96v","expanded_url":"https:\/\/twitter.com\/GoldPlatCA\/status\/803357383846227968\/photo\/1","type":"photo","sizes":{"small":{"w":680,"h":340,"resize":"fit"},"large":{"w":1024,"h":512,"resize":"fit"},"thumb":{"w":150,"h":150,"resize":"crop"},"medium":{"w":1024,"h":512,"resize":"fit"}}}]},"favorited":false,"retweeted":false,"possibly_sensitive":false,"filter_level":"low","lang":"en","timestamp_ms":"1480370300624"}
{"created_at":"Mon Nov 28 21:58:26 +0000 2016","id":803357408361857024,"id_str":"803357408361857024","text":"@Makinamisexual BLOOD FOR THE BLOOD GOD","display_text_range":[16,39],"source":"\u003ca href=\"http:\/\/twitter.com\/download\/android\" rel=\"nofollow\"\u003eTwitter for Android\u003c\/a\u003e","truncated":false,"in_reply_to_status_id":803356506964029440,"in_reply_to_status_id_str":"803356506964029440","in_reply_to_user_id":2178465432,"in_reply_to_user_id_str":"2178465432","in_reply_to_screen_name":"Makinamisexual","user":{"id":2189247247,"id_str":"2189247247","name":"Ty","screen_name":"FullStrSarcasm","location":"Beverly, MA","url":"http:\/\/steamcommunity.com\/id\/FullStrSarcasm\/","description":"A calm individual who tends to make a mockery of anything including himself.","protected":false,"verified":false,"followers_count":254,"friends_count":301,"listed_count":24,"favourites_count":225,"statuses_count":101558,"created_at":"Mon Nov 11 23:58:11 +0000 2013","utc_offset":-18000,"time_zone":"Eastern Time (US & Canada)","geo_enabled":true,"lang":"en","contributors_enabled":false,"is_translator":false,"profile_background_color":"C0DEED","profile_background_image_url":"http:\/\/pbs.twimg.com\/profile_background_images\/560588041576673281\/SgZ4Z8xZ.jpeg","profile_background_image_url_https":"https:\/\/pbs.twimg.com\/profile_background_images\/560588041576673281\/SgZ4Z8xZ.jpeg","profile_background_tile":true,"profile_link_color":"545454","profile_sidebar_border_color":"FFFFFF","profile_sidebar_fill_color":"DDEEF6","profile_text_color":"333333","profile_use_background_image":true,"profile_image_url":"http:\/\/pbs.twimg.com\/profile_images\/803028954311491584\/4d9BV0P8_normal.jpg","profile_image_url_https":"https:\/\/pbs.twimg.com\/profile_images\/803028954311491584\/4d9BV0P8_normal.jpg","profile_banner_url":"https:\/\/pbs.twimg.com\/profile_banners\/2189247247\/1477414617","default_profile":false,"default_profile_image":false,"following":null,"follow_request_sent":null,"notifications":null},"geo":null,"coordinates":null,"place":{"id":"7dea5f8c907d1ea2","url":"https:\/\/api.twitter.com\/1.1\/geo\/id\/7dea5f8c907d1ea2.json","place_type":"city","name":"Beverly","full_name":"Beverly, MA","country_code":"US","country":"United States","bounding_box":{"type":"Polygon","coordinates":[[[-70.923007,42.539150],[-70.923007,42.593439],[-70.793176,42.593439],[-70.793176,42.539150]]]},"attributes":{}},"contributors":null,"is_quote_status":false,"retweet_count":0,"favorite_count":0,"entities":{"hashtags":[],"urls":[],"user_mentions":[{"screen_name":"Makinamisexual","name":"\u03a9ffici\u03b1lly Sk\u03b1rmory","id":2178465432,"id_str":"2178465432","indices":[0,15]}],"symbols":[]},"favorited":false,"retweeted":false,"filter_level":"low","lang":"en","timestamp_ms":"1480370306469"}
{"created_at":"Mon Nov 28 21:58:31 +0000 2016","id":803357431543672832,"id_str":"803357431543672832","text":"We're #hiring! Click to apply: MCAT INSTRUCTOR - Durham, NH - https:\/\/t.co\/M9ksbwXFtC #Job #Education #Durham, NH #Jobs","source":"\u003ca href=\"http:\/\/tweetmyjobs.com\" rel=\"nofollow\"\u003eSafeTweet by TweetMyJOBS\u003c\/a\u003e","truncated":false,"in_reply_to_status_id":null,"in_reply_to_status_id_str":null,"in_reply_to_user_id":null,"in_reply_to_user_id_str":null,"in_reply_to_screen_name":null,"user":{"id":2382311180,"id_str":"2382311180","name":"Kaplan Test Prep","screen_name":"KTPJobs","location":null,"url":"http:\/\/www.kaptest.com","description":"Kaplan is hiring! Jobs in #Tech #Teaching #Sales #Marketing #Data. These tweets are ONLY job postings. Follow @KTP_Careers & @TeachForKaplan to get to know us!","protected":false,"verified":false,"followers_count":466,"friends_count":0,"listed_count":1116,"favourites_count":0,"statuses_count":656,"created_at":"Mon Mar 10 15:35:27 +0000 2014","utc_offset":null,"time_zone":null,"geo_enabled":true,"lang":"en","contributors_enabled":false,"is_translator":false,"profile_background_color":"C0DEED","profile_background_image_url":"http:\/\/pbs.twimg.com\/profile_background_images\/445625502628184064\/NfhozutF.jpeg","profile_background_image_url_https":"https:\/\/pbs.twimg.com\/profile_background_images\/445625502628184064\/NfhozutF.jpeg","profile_background_tile":false,"profile_link_color":"0084B4","profile_sidebar_border_color":"FFFFFF","profile_sidebar_fill_color":"DDEEF6","profile_text_color":"333333","profile_use_background_image":true,"profile_image_url":"http:\/\/pbs.twimg.com\/profile_images\/445625327876726784\/79uZeWkS_normal.jpeg","profile_image_url_https":"https:\/\/pbs.twimg.com\/profile_images\/445625327876726784\/79uZeWkS_normal.jpeg","profile_banner_url":"https:\/\/pbs.twimg.com\/profile_banners\/2382311180\/1395080343","default_profile":false,"default_profile_image":false,"following":null,"follow_request_sent":null,"notifications":null},"geo":{"type":"Point","coordinates":[43.1339545,-70.9264393]},"coordinates":{"type":"Point","coordinates":[-70.9264393,43.1339545]},"place":{"id":"00ead31815b6e5c1","url":"https:\/\/api.twitter.com\/1.1\/geo\/id\/00ead31815b6e5c1.json","place_type":"city","name":"Durham","full_name":"Durham, NH","country_code":"US","country":"United States","bounding_box":{"type":"Polygon","coordinates":[[[-70.967789,43.110605],[-70.967789,43.162719],[-70.889686,43.162719],[-70.889686,43.110605]]]},"attributes":{}},"contributors":null,"is_quote_status":false,"retweet_count":0,"favorite_count":0,"entities":{"hashtags":[{"text":"hiring","indices":[6,13]},{"text":"Job","indices":[86,90]},{"text":"Education","indices":[91,101]},{"text":"Durham","indices":[102,109]},{"text":"Jobs","indices":[114,119]}],"urls":[{"url":"https:\/\/t.co\/M9ksbwXFtC","expanded_url":"http:\/\/bit.ly\/1DP4wIw","display_url":"bit.ly\/1DP4wIw","indices":[62,85]}],"user_mentions":[],"symbols":[]},"favorited":false,"retweeted":false,"possibly_sensitive":false,"filter_level":"low","lang":"en","timestamp_ms":"1480370311996"}
{"created_at":"Mon Nov 28 21:58:33 +0000 2016","id":803357439127146496,"id_str":"803357439127146496","text":"@mckenziewestmor hope you and your family had a great thanksgiving! Love from Maine(yes it has snowed here)!","source":"\u003ca href=\"http:\/\/twitter.com\/download\/android\" rel=\"nofollow\"\u003eTwitter for Android\u003c\/a\u003e","truncated":false,"in_reply_to_status_id":null,"in_reply_to_status_id_str":null,"in_reply_to_user_id":36715350,"in_reply_to_user_id_str":"36715350","in_reply_to_screen_name":"mckenziewestmor","user":{"id":3033736685,"id_str":"3033736685","name":"VALARI MORTON","screen_name":"valari_morton","location":null,"url":null,"description":null,"protected":false,"verified":false,"followers_count":88,"friends_count":389,"listed_count":0,"favourites_count":1726,"statuses_count":1385,"created_at":"Fri Feb 13 01:02:12 +0000 2015","utc_offset":null,"time_zone":null,"geo_enabled":true,"lang":"en","contributors_enabled":false,"is_translator":false,"profile_background_color":"C0DEED","profile_background_image_url":"http:\/\/abs.twimg.com\/images\/themes\/theme1\/bg.png","profile_background_image_url_https":"https:\/\/abs.twimg.com\/images\/themes\/theme1\/bg.png","profile_background_tile":false,"profile_link_color":"1DA1F2","profile_sidebar_border_color":"C0DEED","profile_sidebar_fill_color":"DDEEF6","profile_text_color":"333333","profile_use_background_image":true,"profile_image_url":"http:\/\/pbs.twimg.com\/profile_images\/715982220968615936\/xlthAJj5_normal.jpg","profile_image_url_https":"https:\/\/pbs.twimg.com\/profile_images\/715982220968615936\/xlthAJj5_normal.jpg","profile_banner_url":"https:\/\/pbs.twimg.com\/profile_banners\/3033736685\/1459538580","default_profile":true,"default_profile_image":false,"following":null,"follow_request_sent":null,"notifications":null},"geo":null,"coordinates":null,"place":{"id":"463f5d9615d7d1be","url":"https:\/\/api.twitter.com\/1.1\/geo\/id\/463f5d9615d7d1be.json","place_type":"admin","name":"Maine","full_name":"Maine, USA","country_code":"US","country":"United States","bounding_box":{"type":"Polygon","coordinates":[[[-71.084335,42.917127],[-71.084335,47.459687],[-66.885075,47.459687],[-66.885075,42.917127]]]},"attributes":{}},"contributors":null,"is_quote_status":false,"retweet_count":0,"favorite_count":0,"entities":{"hashtags":[],"urls":[],"user_mentions":[{"screen_name":"mckenziewestmor","name":"McKenzie Westmore","id":36715350,"id_str":"36715350","indices":[0,16]}],"symbols":[]},"favorited":false,"retweeted":false,"filter_level":"low","lang":"en","timestamp_ms":"1480370313804"}
{"created_at":"Mon Nov 28 21:58:42 +0000 2016","id":803357477093961728,"id_str":"803357477093961728","text":"* @SLDelorme101 Les priorit\u00e9s de l'administration @CoderreMTL : transformer le pont Jacques Cartier en #MoodRing &gt;\u2026 https:\/\/t.co\/MV3Km66PtA","display_text_range":[0,140],"source":"\u003ca href=\"http:\/\/twitter.com\" rel=\"nofollow\"\u003eTwitter Web Client\u003c\/a\u003e","truncated":true,"in_reply_to_status_id":803353495936102400,"in_reply_to_status_id_str":"803353495936102400","in_reply_to_user_id":224468654,"in_reply_to_user_id_str":"224468654","in_reply_to_screen_name":"SLDelorme101","user":{"id":15257975,"id_str":"15257975","name":"Robin Edgar","screen_name":"RobinEdgar","location":"Soviet Canuckistan","url":"http:\/\/emersonavenger.blogspot.com","description":"Photographer & Videographer Basking In The Untold Glory Of Being Falsely Accused Of The Crime Of #BlasphemousLibel By #BatShitCrazy Atheist Unitarians LOL!","protected":false,"verified":false,"followers_count":8462,"friends_count":9213,"listed_count":735,"favourites_count":86943,"statuses_count":148980,"created_at":"Fri Jun 27 21:10:35 +0000 2008","utc_offset":-18000,"time_zone":"Eastern Time (US & Canada)","geo_enabled":true,"lang":"en","contributors_enabled":false,"is_translator":false,"profile_background_color":"642D8B","profile_background_image_url":"http:\/\/abs.twimg.com\/images\/themes\/theme10\/bg.gif","profile_background_image_url_https":"https:\/\/abs.twimg.com\/images\/themes\/theme10\/bg.gif","profile_background_tile":true,"profile_link_color":"0900FF","profile_sidebar_border_color":"65B0DA","profile_sidebar_fill_color":"7AC3EE","profile_text_color":"3D1957","profile_use_background_image":true,"profile_image_url":"http:\/\/pbs.twimg.com\/profile_images\/578545987108642816\/QzXqtx6R_normal.jpeg","profile_image_url_https":"https:\/\/pbs.twimg.com\/profile_images\/578545987108642816\/QzXqtx6R_normal.jpeg","profile_banner_url":"https:\/\/pbs.twimg.com\/profile_banners\/15257975\/1396700653","default_profile":false,"default_profile_image":false,"following":null,"follow_request_sent":null,"notifications":null},"geo":null,"coordinates":null,"place":{"id":"3376992a082d67c7","url":"https:\/\/api.twitter.com\/1.1\/geo\/id\/3376992a082d67c7.json","place_type":"country","name":"Canada","full_name":"Canada","country_code":"CA","country":"Canada","bounding_box":{"type":"Polygon","coordinates":[[[-141.561094,41.676329],[-141.561094,89.999900],[-51.053519,89.999900],[-51.053519,41.676329]]]},"attributes":{}},"contributors":null,"is_quote_status":false,"extended_tweet":{"full_text":"* @SLDelorme101 Les priorit\u00e9s de l'administration @CoderreMTL : transformer le pont Jacques Cartier en #MoodRing &gt; #LogementSocial. #PolMTL https:\/\/t.co\/AfRKSATfSL","display_text_range":[0,142],"entities":{"hashtags":[{"text":"MoodRing","indices":[103,112]},{"text":"LogementSocial","indices":[118,133]},{"text":"PolMTL","indices":[135,142]}],"urls":[],"user_mentions":[{"screen_name":"SLDelorme101","name":"Simon Delorme","id":224468654,"id_str":"224468654","indices":[2,15]},{"screen_name":"CoderreMTL","name":"\u00c9quipe Denis Coderre","id":1415862679,"id_str":"1415862679","indices":[50,61]}],"symbols":[],"media":[{"id":803357179873030145,"id_str":"803357179873030145","indices":[143,166],"media_url":"http:\/\/pbs.twimg.com\/media\/CyYZGUYXcAE_Emc.jpg","media_url_https":"https:\/\/pbs.twimg.com\/media\/CyYZGUYXcAE_Emc.jpg","url":"https:\/\/t.co\/AfRKSATfSL","display_url":"pic.twitter.com\/AfRKSATfSL","expanded_url":"https:\/\/twitter.com\/RobinEdgar\/status\/803357477093961728\/photo\/1","type":"photo","sizes":{"small":{"w":680,"h":357,"resize":"fit"},"thumb":{"w":150,"h":150,"resize":"crop"},"medium":{"w":1200,"h":630,"resize":"fit"},"large":{"w":1700,"h":893,"resize":"fit"}}}]},"extended_entities":{"media":[{"id":803357179873030145,"id_str":"803357179873030145","indices":[143,166],"media_url":"http:\/\/pbs.twimg.com\/media\/CyYZGUYXcAE_Emc.jpg","media_url_https":"https:\/\/pbs.twimg.com\/media\/CyYZGUYXcAE_Emc.jpg","url":"https:\/\/t.co\/AfRKSATfSL","display_url":"pic.twitter.com\/AfRKSATfSL","expanded_url":"https:\/\/twitter.com\/RobinEdgar\/status\/803357477093961728\/photo\/1","type":"photo","sizes":{"small":{"w":680,"h":357,"resize":"fit"},"thumb":{"w":150,"h":150,"resize":"crop"},"medium":{"w":1200,"h":630,"resize":"fit"},"large":{"w":1700,"h":893,"resize":"fit"}}}]}},"retweet_count":0,"favorite_count":0,"entities":{"hashtags":[{"text":"MoodRing","indices":[103,112]}],"urls":[{"url":"https:\/\/t.co\/MV3Km66PtA","expanded_url":"https:\/\/twitter.com\/i\/web\/status\/803357477093961728","display_url":"twitter.com\/i\/web\/status\/8\u2026","indices":[119,142]}],"user_mentions":[{"screen_name":"SLDelorme101","name":"Simon Delorme","id":224468654,"id_str":"224468654","indices":[2,15]},{"screen_name":"CoderreMTL","name":"\u00c9quipe Denis Coderre","id":1415862679,"id_str":"1415862679","indices":[50,61]}],"symbols":[]},"favorited":false,"retweeted":false,"possibly_sensitive":false,"filter_level":"low","lang":"fr","timestamp_ms":"1480370322856"}
{"created_at":"Mon Nov 28 21:59:01 +0000 2016","id":803357557330944000,"id_str":"803357557330944000","text":"You can #OptOutside for 4 years and get your #undergraduate degree in #environmental sciences @UnityCollege.\u2026 https:\/\/t.co\/WNWDxDDRAb","display_text_range":[0,140],"source":"\u003ca href=\"http:\/\/twitter.com\" rel=\"nofollow\"\u003eTwitter Web Client\u003c\/a\u003e","truncated":true,"in_reply_to_status_id":null,"in_reply_to_status_id_str":null,"in_reply_to_user_id":null,"in_reply_to_user_id_str":null,"in_reply_to_screen_name":null,"user":{"id":22671375,"id_str":"22671375","name":"Unity College","screen_name":"UnityCollege","location":"Unity, Maine","url":"http:\/\/www.unity.edu","description":"America's Environmental College offers a hands-on #education in #sustainability #science for the #environmental century. First to #divest from fossil fuels.","protected":false,"verified":false,"followers_count":1836,"friends_count":750,"listed_count":114,"favourites_count":216,"statuses_count":5078,"created_at":"Tue Mar 03 20:15:04 +0000 2009","utc_offset":-18000,"time_zone":"Eastern Time (US & Canada)","geo_enabled":true,"lang":"en","contributors_enabled":false,"is_translator":false,"profile_background_color":"FFFFFF","profile_background_image_url":"http:\/\/pbs.twimg.com\/profile_background_images\/420413357\/eaatwittersummer.jpg","profile_background_image_url_https":"https:\/\/pbs.twimg.com\/profile_background_images\/420413357\/eaatwittersummer.jpg","profile_background_tile":false,"profile_link_color":"4A913C","profile_sidebar_border_color":"FFFFFF","profile_sidebar_fill_color":"99CC33","profile_text_color":"3E4415","profile_use_background_image":true,"profile_image_url":"http:\/\/pbs.twimg.com\/profile_images\/555557962979094528\/oyRi9nl2_normal.jpeg","profile_image_url_https":"https:\/\/pbs.twimg.com\/profile_images\/555557962979094528\/oyRi9nl2_normal.jpeg","profile_banner_url":"https:\/\/pbs.twimg.com\/profile_banners\/22671375\/1426610895","default_profile":false,"default_profile_image":false,"following":null,"follow_request_sent":null,"notifications":null},"geo":null,"coordinates":null,"place":{"id":"463f5d9615d7d1be","url":"https:\/\/api.twitter.com\/1.1\/geo\/id\/463f5d9615d7d1be.json","place_type":"admin","name":"Maine","full_name":"Maine, USA","country_code":"US","country":"United States","bounding_box":{"type":"Polygon","coordinates":[[[-71.084335,42.917127],[-71.084335,47.459687],[-66.885075,47.459687],[-66.885075,42.917127]]]},"attributes":{}},"contributors":null,"is_quote_status":false,"extended_tweet":{"full_text":"You can #OptOutside for 4 years and get your #undergraduate degree in #environmental sciences @UnityCollege. https:\/\/t.co\/MwDb6ZyRbL https:\/\/t.co\/bgfMWumzWh","display_text_range":[0,132],"entities":{"hashtags":[{"text":"OptOutside","indices":[8,19]},{"text":"undergraduate","indices":[45,59]},{"text":"environmental","indices":[70,84]}],"urls":[{"url":"https:\/\/t.co\/MwDb6ZyRbL","expanded_url":"http:\/\/www.unity.edu\/admissions?utm_source=social&utm_campaign=Inquiry&utm_medium=Twitter&utm_term=Social-Inquiry&utm_content=Opt%20Outside","display_url":"unity.edu\/admissions?utm\u2026","indices":[109,132]}],"user_mentions":[{"screen_name":"UnityCollege","name":"Unity College","id":22671375,"id_str":"22671375","indices":[94,107]}],"symbols":[],"media":[{"id":803357529681993728,"id_str":"803357529681993728","indices":[133,156],"media_url":"http:\/\/pbs.twimg.com\/media\/CyYZarhUoAA26VH.jpg","media_url_https":"https:\/\/pbs.twimg.com\/media\/CyYZarhUoAA26VH.jpg","url":"https:\/\/t.co\/bgfMWumzWh","display_url":"pic.twitter.com\/bgfMWumzWh","expanded_url":"https:\/\/twitter.com\/UnityCollege\/status\/803357557330944000\/photo\/1","type":"photo","sizes":{"small":{"w":496,"h":500,"resize":"fit"},"large":{"w":496,"h":500,"resize":"fit"},"thumb":{"w":150,"h":150,"resize":"crop"},"medium":{"w":496,"h":500,"resize":"fit"}}}]},"extended_entities":{"media":[{"id":803357529681993728,"id_str":"803357529681993728","indices":[133,156],"media_url":"http:\/\/pbs.twimg.com\/media\/CyYZarhUoAA26VH.jpg","media_url_https":"https:\/\/pbs.twimg.com\/media\/CyYZarhUoAA26VH.jpg","url":"https:\/\/t.co\/bgfMWumzWh","display_url":"pic.twitter.com\/bgfMWumzWh","expanded_url":"https:\/\/twitter.com\/UnityCollege\/status\/803357557330944000\/photo\/1","type":"photo","sizes":{"small":{"w":496,"h":500,"resize":"fit"},"large":{"w":496,"h":500,"resize":"fit"},"thumb":{"w":150,"h":150,"resize":"crop"},"medium":{"w":496,"h":500,"resize":"fit"}}}]}},"retweet_count":0,"favorite_count":0,"entities":{"hashtags":[{"text":"OptOutside","indices":[8,19]},{"text":"undergraduate","indices":[45,59]},{"text":"environmental","indices":[70,84]}],"urls":[{"url":"https:\/\/t.co\/WNWDxDDRAb","expanded_url":"https:\/\/twitter.com\/i\/web\/status\/803357557330944000","display_url":"twitter.com\/i\/web\/status\/8\u2026","indices":[110,133]}],"user_mentions":[{"screen_name":"UnityCollege","name":"Unity College","id":22671375,"id_str":"22671375","indices":[94,107]}],"symbols":[]},"favorited":false,"retweeted":false,"possibly_sensitive":false,"filter_level":"low","lang":"en","timestamp_ms":"1480370341986"}
{"created_at":"Mon Nov 28 21:59:19 +0000 2016","id":803357629854679041,"id_str":"803357629854679041","text":"last friday night, gute scheisse \ud83d\udd25 https:\/\/t.co\/LiblOzE4LH","display_text_range":[0,34],"source":"\u003ca href=\"http:\/\/twitter.com\/download\/android\" rel=\"nofollow\"\u003eTwitter for Android\u003c\/a\u003e","truncated":false,"in_reply_to_status_id":null,"in_reply_to_status_id_str":null,"in_reply_to_user_id":null,"in_reply_to_user_id_str":null,"in_reply_to_screen_name":null,"user":{"id":2720250099,"id_str":"2720250099","name":"xela","screen_name":"hexgirll","location":"sinnoh","url":null,"description":"eat your heart out","protected":false,"verified":false,"followers_count":278,"friends_count":159,"listed_count":2,"favourites_count":5840,"statuses_count":1170,"created_at":"Tue Jul 22 00:51:22 +0000 2014","utc_offset":39600,"time_zone":"Melbourne","geo_enabled":true,"lang":"en","contributors_enabled":false,"is_translator":false,"profile_background_color":"000000","profile_background_image_url":"http:\/\/abs.twimg.com\/images\/themes\/theme1\/bg.png","profile_background_image_url_https":"https:\/\/abs.twimg.com\/images\/themes\/theme1\/bg.png","profile_background_tile":false,"profile_link_color":"91D2FA","profile_sidebar_border_color":"000000","profile_sidebar_fill_color":"000000","profile_text_color":"000000","profile_use_background_image":false,"profile_image_url":"http:\/\/pbs.twimg.com\/profile_images\/793865702067306500\/8BparKlb_normal.jpg","profile_image_url_https":"https:\/\/pbs.twimg.com\/profile_images\/793865702067306500\/8BparKlb_normal.jpg","profile_banner_url":"https:\/\/pbs.twimg.com\/profile_banners\/2720250099\/1479167268","default_profile":false,"default_profile_image":false,"following":null,"follow_request_sent":null,"notifications":null},"geo":null,"coordinates":null,"place":{"id":"cd450c94084cbf9b","url":"https:\/\/api.twitter.com\/1.1\/geo\/id\/cd450c94084cbf9b.json","place_type":"admin","name":"Massachusetts","full_name":"Massachusetts, USA","country_code":"US","country":"United States","bounding_box":{"type":"Polygon","coordinates":[[[-73.508143,41.187054],[-73.508143,42.886824],[-69.858861,42.886824],[-69.858861,41.187054]]]},"attributes":{}},"contributors":null,"is_quote_status":false,"retweet_count":0,"favorite_count":0,"entities":{"hashtags":[],"urls":[],"user_mentions":[],"symbols":[],"media":[{"id":803357524418240512,"id_str":"803357524418240512","indices":[35,58],"media_url":"http:\/\/pbs.twimg.com\/media\/CyYZaX6WIAA27eG.jpg","media_url_https":"https:\/\/pbs.twimg.com\/media\/CyYZaX6WIAA27eG.jpg","url":"https:\/\/t.co\/LiblOzE4LH","display_url":"pic.twitter.com\/LiblOzE4LH","expanded_url":"https:\/\/twitter.com\/hexgirll\/status\/803357629854679041\/photo\/1","type":"photo","sizes":{"large":{"w":2048,"h":1365,"resize":"fit"},"thumb":{"w":150,"h":150,"resize":"crop"},"medium":{"w":1200,"h":800,"resize":"fit"},"small":{"w":680,"h":453,"resize":"fit"}}}]},"extended_entities":{"media":[{"id":803357524418240512,"id_str":"803357524418240512","indices":[35,58],"media_url":"http:\/\/pbs.twimg.com\/media\/CyYZaX6WIAA27eG.jpg","media_url_https":"https:\/\/pbs.twimg.com\/media\/CyYZaX6WIAA27eG.jpg","url":"https:\/\/t.co\/LiblOzE4LH","display_url":"pic.twitter.com\/LiblOzE4LH","expanded_url":"https:\/\/twitter.com\/hexgirll\/status\/803357629854679041\/photo\/1","type":"photo","sizes":{"large":{"w":2048,"h":1365,"resize":"fit"},"thumb":{"w":150,"h":150,"resize":"crop"},"medium":{"w":1200,"h":800,"resize":"fit"},"small":{"w":680,"h":453,"resize":"fit"}}},{"id":803357544597123073,"id_str":"803357544597123073","indices":[35,58],"media_url":"http:\/\/pbs.twimg.com\/media\/CyYZbjFXcAE-uej.jpg","media_url_https":"https:\/\/pbs.twimg.com\/media\/CyYZbjFXcAE-uej.jpg","url":"https:\/\/t.co\/LiblOzE4LH","display_url":"pic.twitter.com\/LiblOzE4LH","expanded_url":"https:\/\/twitter.com\/hexgirll\/status\/803357629854679041\/photo\/1","type":"photo","sizes":{"thumb":{"w":150,"h":150,"resize":"crop"},"medium":{"w":1200,"h":800,"resize":"fit"},"small":{"w":680,"h":453,"resize":"fit"},"large":{"w":1296,"h":864,"resize":"fit"}}},{"id":803357565354672133,"id_str":"803357565354672133","indices":[35,58],"media_url":"http:\/\/pbs.twimg.com\/media\/CyYZcwaWgAUt9Zo.jpg","media_url_https":"https:\/\/pbs.twimg.com\/media\/CyYZcwaWgAUt9Zo.jpg","url":"https:\/\/t.co\/LiblOzE4LH","display_url":"pic.twitter.com\/LiblOzE4LH","expanded_url":"https:\/\/twitter.com\/hexgirll\/status\/803357629854679041\/photo\/1","type":"photo","sizes":{"thumb":{"w":150,"h":150,"resize":"crop"},"medium":{"w":1200,"h":800,"resize":"fit"},"small":{"w":680,"h":453,"resize":"fit"},"large":{"w":1296,"h":864,"resize":"fit"}}},{"id":803357595822161920,"id_str":"803357595822161920","indices":[35,58],"media_url":"http:\/\/pbs.twimg.com\/media\/CyYZeh6XgAAka72.jpg","media_url_https":"https:\/\/pbs.twimg.com\/media\/CyYZeh6XgAAka72.jpg","url":"https:\/\/t.co\/LiblOzE4LH","display_url":"pic.twitter.com\/LiblOzE4LH","expanded_url":"https:\/\/twitter.com\/hexgirll\/status\/803357629854679041\/photo\/1","type":"photo","sizes":{"large":{"w":2048,"h":1365,"resize":"fit"},"thumb":{"w":150,"h":150,"resize":"crop"},"medium":{"w":1200,"h":800,"resize":"fit"},"small":{"w":680,"h":453,"resize":"fit"}}}]},"favorited":false,"retweeted":false,"possibly_sensitive":false,"filter_level":"low","lang":"en","timestamp_ms":"1480370359277"}
